timestamp,cpu,mem,user_count,cost
2025-07-01 00:00:00,38.93,8022.0,189.0,9.03
2025-07-01 01:00:00,41.4,8213.0,197.0,11.24
2025-07-01 02:00:00,45.56,9131.0,218.0,11.52
2025-07-01 03:00:00,45.74,9248.0,231.0,11.75
2025-07-01 04:00:00,48.64,9742.0,245.0,11.91
2025-07-01 05:00:00,45.98,9288.0,236.0,11.4
2025-07-01 06:00:00,48.8,9659.0,244.0,12.8
2025-07-01 07:00:00,49.16,9777.0,246.0,12.4
2025-07-01 08:00:00,48.57,9703.0,243.0,11.9
2025-07-01 09:00:00,44.04,8915.0,225.0,10.89
2025-07-01 10:00:00,45.86,9190.0,227.0,11.38
2025-07-01 11:00:00,35.86,7230.0,180.0,9.45
2025-07-01 12:00:00,37.38,7543.0,196.0,8.47
2025-07-01 13:00:00,38.86,7737.0,192.0,8.66
2025-07-01 14:00:00,35.23,6915.0,173.0,8.99
2025-07-01 15:00:00,33.68,6591.0,171.0,8.13
2025-07-01 16:00:00,33.31,6725.0,166.0,8.93
2025-07-01 17:00:00,35.09,6765.0,171.0,8.63
2025-07-01 18:00:00,29.5,5951.0,141.0,7.54
2025-07-01 19:00:00,27.95,5556.0,146.0,7.07
2025-07-01 20:00:00,26.76,5289.0,139.0,6.06
2025-07-01 21:00:00,35.54,7125.0,183.0,8.64
2025-07-01 22:00:00,33.25,6518.0,165.0,7.14
2025-07-01 23:00:00,37.99,7493.0,183.0,10.09
2025-07-02 00:00:00,37.6,7471.0,191.0,9.53
2025-07-02 01:00:00,41.91,8371.0,218.0,11.52
2025-07-02 02:00:00,45.79,9108.0,229.0,11.13
2025-07-02 03:00:00,50.4,10084.0,261.0,11.97
2025-07-02 04:00:00,46.97,9397.0,234.0,11.64
2025-07-02 05:00:00,48.35,9707.0,244.0,12.31
2025-07-02 06:00:00,50.78,10302.0,246.0,11.85
2025-07-02 07:00:00,46.03,9129.0,232.0,11.59
2025-07-02 08:00:00,49.25,9793.0,252.0,12.12
2025-07-02 09:00:00,44.64,8922.0,226.0,11.37
2025-07-02 10:00:00,42.17,8411.0,210.0,10.69
2025-07-02 11:00:00,44.45,8920.0,221.0,10.73
2025-07-02 12:00:00,39.25,7857.0,200.0,9.34
2025-07-02 13:00:00,36.35,7379.0,188.0,9.52
2025-07-02 14:00:00,37.88,7571.0,187.0,9.85
2025-07-02 15:00:00,33.55,6756.0,167.0,9.24
2025-07-02 16:00:00,28.78,5796.0,141.0,7.2
2025-07-02 17:00:00,32.5,6594.0,177.0,8.65
2025-07-02 18:00:00,30.14,6160.0,150.0,6.96
2025-07-02 19:00:00,32.88,6776.0,163.0,7.41
2025-07-02 20:00:00,27.99,5664.0,144.0,7.46
2025-07-02 21:00:00,33.28,6716.0,168.0,9.05
2025-07-02 22:00:00,37.58,7752.0,188.0,9.1
2025-07-02 23:00:00,42.4,8438.0,213.0,10.16
2025-07-03 00:00:00,37.3,7510.0,184.0,9.56
2025-07-03 01:00:00,40.13,7891.0,197.0,9.74
2025-07-03 02:00:00,42.03,8257.0,205.0,10.31
2025-07-03 03:00:00,46.7,9338.0,231.0,11.67
2025-07-03 04:00:00,44.99,8961.0,223.0,11.34
2025-07-03 05:00:00,48.39,9637.0,243.0,12.13
2025-07-03 06:00:00,46.12,9112.0,226.0,11.64
2025-07-03 07:00:00,44.67,8852.0,226.0,11.64
2025-07-03 08:00:00,49.94,10022.0,247.0,12.59
2025-07-03 09:00:00,44.17,8624.0,231.0,10.6
2025-07-03 10:00:00,43.88,8731.0,216.0,10.78
2025-07-03 11:00:00,40.94,8252.0,206.0,9.72
2025-07-03 12:00:00,39.59,8048.0,202.0,9.69
2025-07-03 13:00:00,34.74,6758.0,183.0,9.13
2025-07-03 14:00:00,32.11,6300.0,164.0,7.73
2025-07-03 15:00:00,31.53,6300.0,171.0,7.52
2025-07-03 16:00:00,28.5,5464.0,141.0,6.82
2025-07-03 17:00:00,26.9,5438.0,126.0,6.99
2025-07-03 18:00:00,26.74,5381.0,144.0,6.98
2025-07-03 19:00:00,29.95,5958.0,151.0,7.3
2025-07-03 20:00:00,28.99,5861.0,141.0,7.0
2025-07-03 21:00:00,29.92,5794.0,155.0,7.53
2025-07-03 22:00:00,32.42,6430.0,164.0,7.74
2025-07-03 23:00:00,33.32,6655.0,166.0,7.49
2025-07-04 00:00:00,30.86,6153.0,160.0,7.68
2025-07-04 01:00:00,35.5,7098.0,175.0,9.36
2025-07-04 02:00:00,34.25,6965.0,169.0,8.14
2025-07-04 03:00:00,41.14,8113.0,199.0,10.31
2025-07-04 04:00:00,41.22,8303.0,210.0,10.78
2025-07-04 05:00:00,41.28,8421.0,207.0,10.35
2025-07-04 06:00:00,41.47,8291.0,197.0,10.62
2025-07-04 07:00:00,41.87,8419.0,206.0,10.58
2025-07-04 08:00:00,44.22,8728.0,215.0,11.38
2025-07-04 09:00:00,44.3,8990.0,228.0,11.1
2025-07-04 10:00:00,38.14,7683.0,201.0,9.37
2025-07-04 11:00:00,35.22,6876.0,178.0,7.83
2025-07-04 12:00:00,31.71,6348.0,168.0,7.71
2025-07-04 13:00:00,28.55,5654.0,145.0,5.94
2025-07-04 14:00:00,27.14,5444.0,140.0,6.85
2025-07-04 15:00:00,23.74,4816.0,120.0,5.7
2025-07-04 16:00:00,24.72,4897.0,129.0,5.49
2025-07-04 17:00:00,20.34,3958.0,100.0,5.25
2025-07-04 18:00:00,27.73,5563.0,145.0,7.31
2025-07-04 19:00:00,23.15,4661.0,112.0,5.54
2025-07-04 20:00:00,22.96,4579.0,107.0,6.39
2025-07-04 21:00:00,25.75,5107.0,135.0,7.07
2025-07-04 22:00:00,26.78,5294.0,133.0,7.01
2025-07-04 23:00:00,30.2,6080.0,157.0,7.15
2025-07-05 00:00:00,28.39,5830.0,138.0,7.3
2025-07-05 01:00:00,32.92,6549.0,160.0,8.06
2025-07-05 02:00:00,36.08,7206.0,181.0,8.47
2025-07-05 03:00:00,35.35,7054.0,177.0,8.91
2025-07-05 04:00:00,38.46,7832.0,189.0,9.9
2025-07-05 05:00:00,36.39,7225.0,188.0,8.99
2025-07-05 06:00:00,39.64,7873.0,208.0,8.99
2025-07-05 07:00:00,38.67,7810.0,186.0,10.65
2025-07-05 08:00:00,36.52,7269.0,182.0,8.36
2025-07-05 09:00:00,33.05,6578.0,165.0,6.92
2025-07-05 10:00:00,33.69,6651.0,170.0,8.98
2025-07-05 11:00:00,33.22,6727.0,174.0,7.84
2025-07-05 12:00:00,31.06,6049.0,150.0,8.06
2025-07-05 13:00:00,29.38,5907.0,135.0,6.95
2025-07-05 14:00:00,24.53,4893.0,127.0,6.02
2025-07-05 15:00:00,23.94,4756.0,117.0,6.11
2025-07-05 16:00:00,25.02,5141.0,117.0,6.98
2025-07-05 17:00:00,17.89,3399.0,98.0,4.65
2025-07-05 18:00:00,24.31,4851.0,125.0,6.01
2025-07-05 19:00:00,10.39,2014.0,52.0,2.94
2025-07-05 20:00:00,20.39,4190.0,106.0,4.66
2025-07-05 21:00:00,23.16,4640.0,112.0,6.19
2025-07-05 22:00:00,22.76,4690.0,120.0,6.08
2025-07-05 23:00:00,28.22,5608.0,144.0,7.61
2025-07-06 00:00:00,28.61,5555.0,140.0,6.41
2025-07-06 01:00:00,34.4,6823.0,171.0,8.54
2025-07-06 02:00:00,35.58,7340.0,178.0,8.57
2025-07-06 03:00:00,36.77,7262.0,187.0,9.34
2025-07-06 04:00:00,39.19,7680.0,194.0,9.42
2025-07-06 05:00:00,40.55,8050.0,199.0,10.66
2025-07-06 06:00:00,42.29,8317.0,215.0,11.75
2025-07-06 07:00:00,41.62,8378.0,207.0,10.72
2025-07-06 08:00:00,43.18,8739.0,213.0,10.64
2025-07-06 09:00:00,37.96,7480.0,187.0,10.2
2025-07-06 10:00:00,35.92,7100.0,176.0,8.53
2025-07-06 11:00:00,35.25,7142.0,178.0,8.73
2025-07-06 12:00:00,30.38,6039.0,154.0,7.32
2025-07-06 13:00:00,28.33,5695.0,139.0,6.46
2025-07-06 14:00:00,27.91,5656.0,146.0,6.92
2025-07-06 15:00:00,21.24,4244.0,104.0,4.82
2025-07-06 16:00:00,22.08,4354.0,104.0,6.14
2025-07-06 17:00:00,20.53,4207.0,99.0,6.08
2025-07-06 18:00:00,21.21,4278.0,110.0,5.02
2025-07-06 19:00:00,20.01,4016.0,105.0,5.13
2025-07-06 20:00:00,21.5,4340.0,107.0,6.0
2025-07-06 21:00:00,24.34,4777.0,115.0,6.38
2025-07-06 22:00:00,26.68,5128.0,133.0,6.2
2025-07-06 23:00:00,29.01,5711.0,139.0,7.65
2025-07-07 00:00:00,34.19,6877.0,175.0,8.54
2025-07-07 01:00:00,36.42,7243.0,184.0,7.88
2025-07-07 02:00:00,39.79,7896.0,196.0,9.24
2025-07-07 03:00:00,40.73,8160.0,207.0,10.32
2025-07-07 04:00:00,42.37,8653.0,221.0,11.12
2025-07-07 05:00:00,40.81,8113.0,196.0,9.94
2025-07-07 06:00:00,47.04,9376.0,229.0,12.33
2025-07-07 07:00:00,44.84,8960.0,225.0,10.82
2025-07-07 08:00:00,42.65,8402.0,215.0,10.74
2025-07-07 09:00:00,41.82,8407.0,202.0,10.46
2025-07-07 10:00:00,39.07,7756.0,196.0,9.77
2025-07-07 11:00:00,35.7,7100.0,179.0,8.16
2025-07-07 12:00:00,34.39,6718.0,181.0,8.0
2025-07-07 13:00:00,33.32,6698.0,173.0,8.86
2025-07-07 14:00:00,27.14,5386.0,132.0,6.8
2025-07-07 15:00:00,24.23,4861.0,115.0,7.19
2025-07-07 16:00:00,23.42,4553.0,119.0,5.75
2025-07-07 17:00:00,24.7,4806.0,119.0,6.49
2025-07-07 18:00:00,23.76,4902.0,121.0,5.64
2025-07-07 19:00:00,25.7,5253.0,129.0,6.37
2025-07-07 20:00:00,22.74,4519.0,105.0,5.72
2025-07-07 21:00:00,28.23,5684.0,130.0,6.56
2025-07-07 22:00:00,31.37,6285.0,158.0,7.34
2025-07-07 23:00:00,27.77,5574.0,134.0,7.07
2025-07-08 00:00:00,43.75,8805.0,210.0,11.02
2025-07-08 01:00:00,43.48,8857.0,220.0,10.58
2025-07-08 02:00:00,42.75,8649.0,212.0,11.5
2025-07-08 03:00:00,48.92,9489.0,247.0,11.2
2025-07-08 04:00:00,49.9,10023.0,243.0,13.14
2025-07-08 05:00:00,48.84,9740.0,247.0,11.66
2025-07-08 06:00:00,48.68,9788.0,239.0,12.28
2025-07-08 07:00:00,51.91,10173.0,254.0,13.29
2025-07-08 08:00:00,44.8,8754.0,229.0,11.62
2025-07-08 09:00:00,43.1,8496.0,220.0,10.79
2025-07-08 10:00:00,41.37,8174.0,207.0,9.11
2025-07-08 11:00:00,43.14,8670.0,223.0,11.13
2025-07-08 12:00:00,38.07,7642.0,191.0,10.25
2025-07-08 13:00:00,39.16,7755.0,196.0,10.0
2025-07-08 14:00:00,34.5,6893.0,171.0,8.07
2025-07-08 15:00:00,30.29,5823.0,153.0,7.18
2025-07-08 16:00:00,30.23,6150.0,156.0,8.51
2025-07-08 17:00:00,31.25,6249.0,157.0,8.2
2025-07-08 18:00:00,29.15,5690.0,150.0,7.66
2025-07-08 19:00:00,30.08,6065.0,151.0,7.44
2025-07-08 20:00:00,32.32,6664.0,163.0,8.21
2025-07-08 21:00:00,33.07,6754.0,156.0,8.22
2025-07-08 22:00:00,33.81,6662.0,176.0,8.35
2025-07-08 23:00:00,35.05,6818.0,167.0,9.36
2025-07-09 00:00:00,40.67,8180.0,215.0,9.54
2025-07-09 01:00:00,43.27,8669.0,215.0,11.65
2025-07-09 02:00:00,45.38,9205.0,226.0,11.23
2025-07-09 03:00:00,51.05,10292.0,254.0,12.86
2025-07-09 04:00:00,51.78,10355.0,266.0,12.78
2025-07-09 05:00:00,48.75,9884.0,250.0,11.58
2025-07-09 06:00:00,51.0,10264.0,262.0,13.83
2025-07-09 07:00:00,48.02,9586.0,227.0,12.06
2025-07-09 08:00:00,49.66,9950.0,250.0,12.93
2025-07-09 09:00:00,44.01,8851.0,221.0,11.06
2025-07-09 10:00:00,46.2,9423.0,225.0,11.38
2025-07-09 11:00:00,39.62,8083.0,204.0,9.79
2025-07-09 12:00:00,40.66,8115.0,196.0,8.99
2025-07-09 13:00:00,35.08,7021.0,174.0,9.11
2025-07-09 14:00:00,35.51,7037.0,177.0,8.23
2025-07-09 15:00:00,32.08,6338.0,161.0,8.55
2025-07-09 16:00:00,32.16,6447.0,169.0,8.61
2025-07-09 17:00:00,28.82,5808.0,144.0,7.59
2025-07-09 18:00:00,32.94,6649.0,164.0,7.48
2025-07-09 19:00:00,30.74,6082.0,163.0,7.78
2025-07-09 20:00:00,30.92,6466.0,152.0,7.47
2025-07-09 21:00:00,36.12,7366.0,178.0,9.17
2025-07-09 22:00:00,37.53,7434.0,187.0,9.13
2025-07-09 23:00:00,37.47,7590.0,177.0,8.93
2025-07-10 00:00:00,35.91,7056.0,179.0,9.27
2025-07-10 01:00:00,39.03,7703.0,201.0,10.11
2025-07-10 02:00:00,39.82,8070.0,199.0,10.15
2025-07-10 03:00:00,46.1,9104.0,227.0,12.55
2025-07-10 04:00:00,46.16,9168.0,230.0,11.93
2025-07-10 05:00:00,46.07,9220.0,223.0,12.3
2025-07-10 06:00:00,47.0,9482.0,231.0,11.65
2025-07-10 07:00:00,49.52,9851.0,245.0,12.61
2025-07-10 08:00:00,44.2,8910.0,211.0,10.79
2025-07-10 09:00:00,43.27,8651.0,220.0,10.28
2025-07-10 10:00:00,40.9,8335.0,211.0,11.58
2025-07-10 11:00:00,37.5,7520.0,180.0,9.71
2025-07-10 12:00:00,41.15,8426.0,201.0,9.64
2025-07-10 13:00:00,41.27,8254.0,208.0,10.24
2025-07-10 14:00:00,32.05,6331.0,162.0,7.21
2025-07-10 15:00:00,30.5,6010.0,155.0,7.14
2025-07-10 16:00:00,31.53,6312.0,164.0,7.99
2025-07-10 17:00:00,32.25,6416.0,161.0,8.63
2025-07-10 18:00:00,25.02,5074.0,127.0,6.29
2025-07-10 19:00:00,28.21,5584.0,139.0,6.66
2025-07-10 20:00:00,25.07,5033.0,130.0,6.32
2025-07-10 21:00:00,29.0,5925.0,138.0,7.07
2025-07-10 22:00:00,29.45,6007.0,159.0,7.62
2025-07-10 23:00:00,38.57,7538.0,189.0,9.27
2025-07-11 00:00:00,30.37,6159.0,160.0,7.39
2025-07-11 01:00:00,33.87,6707.0,173.0,9.03
2025-07-11 02:00:00,34.25,6900.0,168.0,9.04
2025-07-11 03:00:00,42.97,8484.0,216.0,10.91
2025-07-11 04:00:00,39.77,8089.0,199.0,10.75
2025-07-11 05:00:00,37.98,7543.0,194.0,9.69
2025-07-11 06:00:00,43.17,8676.0,211.0,10.51
2025-07-11 07:00:00,45.38,9108.0,229.0,11.06
2025-07-11 08:00:00,43.83,8536.0,215.0,10.92
2025-07-11 09:00:00,38.59,7800.0,190.0,9.92
2025-07-11 10:00:00,37.3,7513.0,189.0,9.55
2025-07-11 11:00:00,32.31,6472.0,152.0,8.45
2025-07-11 12:00:00,34.11,6922.0,178.0,8.92
2025-07-11 13:00:00,32.58,6472.0,149.0,7.6
2025-07-11 14:00:00,29.04,5938.0,142.0,7.35
2025-07-11 15:00:00,26.82,5464.0,141.0,6.7
2025-07-11 16:00:00,21.91,4236.0,117.0,5.58
2025-07-11 17:00:00,25.74,5189.0,127.0,5.81
2025-07-11 18:00:00,26.99,5437.0,131.0,6.99
2025-07-11 19:00:00,21.06,4262.0,100.0,5.23
2025-07-11 20:00:00,27.14,5563.0,136.0,5.94
2025-07-11 21:00:00,24.03,4636.0,121.0,5.98
2025-07-11 22:00:00,25.64,4998.0,121.0,6.87
2025-07-11 23:00:00,31.62,6190.0,160.0,8.4
2025-07-12 00:00:00,25.34,5123.0,132.0,6.91
2025-07-12 01:00:00,33.59,6651.0,167.0,9.47
2025-07-12 02:00:00,34.8,7040.0,169.0,9.39
2025-07-12 03:00:00,37.79,7693.0,177.0,9.58
2025-07-12 04:00:00,38.15,7650.0,193.0,9.9
2025-07-12 05:00:00,39.5,7798.0,201.0,9.79
2025-07-12 06:00:00,43.77,8737.0,217.0,10.45
2025-07-12 07:00:00,38.96,7760.0,196.0,9.47
2025-07-12 08:00:00,38.08,7582.0,193.0,10.38
2025-07-12 09:00:00,35.24,6960.0,164.0,8.62
2025-07-12 10:00:00,37.13,7256.0,193.0,9.44
2025-07-12 11:00:00,30.77,6221.0,162.0,8.29
2025-07-12 12:00:00,31.22,6168.0,157.0,7.68
2025-07-12 13:00:00,28.55,5740.0,146.0,7.46
2025-07-12 14:00:00,25.46,5053.0,137.0,6.53
2025-07-12 15:00:00,22.15,4647.0,108.0,4.69
2025-07-12 16:00:00,19.39,3805.0,93.0,5.18
2025-07-12 17:00:00,19.59,3960.0,94.0,4.53
2025-07-12 18:00:00,21.07,4191.0,102.0,4.97
2025-07-12 19:00:00,21.91,4509.0,101.0,5.3
2025-07-12 20:00:00,21.13,4202.0,104.0,5.31
2025-07-12 21:00:00,26.79,5344.0,129.0,6.46
2025-07-12 22:00:00,27.81,5405.0,133.0,6.49
2025-07-12 23:00:00,26.62,5303.0,135.0,6.12
2025-07-13 00:00:00,31.75,6398.0,163.0,8.45
2025-07-13 01:00:00,31.69,6297.0,160.0,7.83
2025-07-13 02:00:00,37.86,7641.0,187.0,9.46
2025-07-13 03:00:00,38.71,7676.0,203.0,9.36
2025-07-13 04:00:00,36.24,7408.0,186.0,9.69
2025-07-13 05:00:00,41.22,8202.0,212.0,10.28
2025-07-13 06:00:00,40.04,8037.0,198.0,10.58
2025-07-13 07:00:00,40.53,8050.0,209.0,10.2
2025-07-13 08:00:00,39.01,7830.0,204.0,9.81
2025-07-13 09:00:00,36.45,7175.0,182.0,9.62
2025-07-13 10:00:00,35.14,6922.0,175.0,8.67
2025-07-13 11:00:00,37.59,7543.0,190.0,8.26
2025-07-13 12:00:00,27.82,5550.0,140.0,7.87
2025-07-13 13:00:00,29.24,5861.0,149.0,6.75
2025-07-13 14:00:00,22.02,4481.0,111.0,6.43
2025-07-13 15:00:00,23.2,4755.0,111.0,5.55
2025-07-13 16:00:00,20.1,3930.0,100.0,4.69
2025-07-13 17:00:00,19.19,3750.0,105.0,5.51
2025-07-13 18:00:00,22.81,4613.0,116.0,5.67
2025-07-13 19:00:00,21.64,4328.0,107.0,4.75
2025-07-13 20:00:00,19.24,3856.0,101.0,4.28
2025-07-13 21:00:00,23.5,4570.0,112.0,5.67
2025-07-13 22:00:00,25.65,5018.0,129.0,6.42
2025-07-13 23:00:00,29.41,5873.0,146.0,8.08
2025-07-14 00:00:00,35.15,7098.0,182.0,8.64
2025-07-14 01:00:00,40.19,8145.0,198.0,9.89
2025-07-14 02:00:00,41.9,8378.0,206.0,11.17
2025-07-14 03:00:00,39.74,7938.0,199.0,9.77
2025-07-14 04:00:00,42.81,8431.0,218.0,10.58
2025-07-14 05:00:00,45.34,9149.0,229.0,11.34
2025-07-14 06:00:00,45.62,9144.0,231.0,10.81
2025-07-14 07:00:00,40.52,8145.0,201.0,10.04
2025-07-14 08:00:00,41.8,8491.0,208.0,10.31
2025-07-14 09:00:00,40.9,8160.0,208.0,10.73
2025-07-14 10:00:00,40.95,8028.0,204.0,10.57
2025-07-14 11:00:00,37.18,7473.0,194.0,9.51
2025-07-14 12:00:00,33.96,6686.0,170.0,9.02
2025-07-14 13:00:00,31.32,6247.0,153.0,7.8
2025-07-14 14:00:00,29.02,5799.0,140.0,6.26
2025-07-14 15:00:00,28.86,5601.0,138.0,6.36
2025-07-14 16:00:00,25.52,5088.0,132.0,6.34
2025-07-14 17:00:00,25.5,5141.0,129.0,6.09
2025-07-14 18:00:00,24.55,5144.0,128.0,6.61
2025-07-14 19:00:00,27.78,5521.0,134.0,7.44
2025-07-14 20:00:00,27.47,5590.0,132.0,6.89
2025-07-14 21:00:00,26.03,5086.0,135.0,5.81
2025-07-14 22:00:00,30.98,6188.0,155.0,7.41
2025-07-14 23:00:00,33.66,6750.0,168.0,7.6
2025-07-15 00:00:00,40.65,8269.0,204.0,10.29
2025-07-15 01:00:00,46.03,9196.0,228.0,11.06
2025-07-15 02:00:00,42.55,8398.0,217.0,11.48
2025-07-15 03:00:00,46.44,9256.0,224.0,11.63
2025-07-15 04:00:00,45.27,8989.0,228.0,12.45
2025-07-15 05:00:00,45.04,9050.0,225.0,11.63
2025-07-15 06:00:00,48.31,9539.0,241.0,12.12
2025-07-15 07:00:00,48.9,9575.0,249.0,12.09
2025-07-15 08:00:00,48.74,9746.0,247.0,12.34
2025-07-15 09:00:00,47.06,9453.0,235.0,11.83
2025-07-15 10:00:00,46.69,9438.0,236.0,12.54
2025-07-15 11:00:00,44.68,8867.0,214.0,10.68
2025-07-15 12:00:00,33.93,6919.0,174.0,8.2
2025-07-15 13:00:00,35.14,7086.0,173.0,9.15
2025-07-15 14:00:00,34.09,6857.0,169.0,9.4
2025-07-15 15:00:00,29.82,5921.0,149.0,6.68
2025-07-15 16:00:00,28.54,5674.0,139.0,8.1
2025-07-15 17:00:00,32.04,6301.0,168.0,8.22
2025-07-15 18:00:00,30.57,5892.0,155.0,7.6
2025-07-15 19:00:00,30.43,6215.0,153.0,9.3
2025-07-15 20:00:00,32.22,6505.0,158.0,7.27
2025-07-15 21:00:00,32.09,6146.0,157.0,8.59
2025-07-15 22:00:00,32.74,6574.0,157.0,8.3
2025-07-15 23:00:00,34.38,6942.0,173.0,8.29
2025-07-16 00:00:00,37.8,7506.0,194.0,9.92
2025-07-16 01:00:00,45.08,8988.0,238.0,11.1
2025-07-16 02:00:00,44.96,9143.0,218.0,11.22
2025-07-16 03:00:00,43.58,8675.0,218.0,11.43
2025-07-16 04:00:00,49.37,9887.0,246.0,13.42
2025-07-16 05:00:00,49.93,9951.0,247.0,12.58
2025-07-16 06:00:00,50.9,10268.0,259.0,12.56
2025-07-16 07:00:00,48.58,9671.0,237.0,11.98
2025-07-16 08:00:00,45.77,9215.0,229.0,11.65
2025-07-16 09:00:00,44.9,9112.0,221.0,11.09
2025-07-16 10:00:00,43.84,8783.0,211.0,11.21
2025-07-16 11:00:00,43.86,8833.0,218.0,11.1
2025-07-16 12:00:00,40.54,8183.0,211.0,10.25
2025-07-16 13:00:00,37.15,7502.0,184.0,8.57
2025-07-16 14:00:00,34.01,6706.0,180.0,8.8
2025-07-16 15:00:00,31.11,6164.0,158.0,7.51
2025-07-16 16:00:00,29.32,5970.0,157.0,7.37
2025-07-16 17:00:00,25.54,4998.0,123.0,6.18
2025-07-16 18:00:00,30.4,6226.0,144.0,7.26
2025-07-16 19:00:00,28.84,5798.0,145.0,7.1
2025-07-16 20:00:00,26.94,5359.0,135.0,6.41
2025-07-16 21:00:00,34.38,6819.0,170.0,8.53
2025-07-16 22:00:00,36.77,7255.0,174.0,9.46
2025-07-16 23:00:00,37.6,7408.0,181.0,9.74
2025-07-17 00:00:00,38.49,7721.0,195.0,9.25
2025-07-17 01:00:00,38.57,7612.0,191.0,9.13
2025-07-17 02:00:00,44.53,8865.0,221.0,11.76
2025-07-17 03:00:00,44.14,9017.0,224.0,10.87
2025-07-17 04:00:00,47.86,9722.0,235.0,11.54
2025-07-17 05:00:00,45.76,9057.0,228.0,11.73
2025-07-17 06:00:00,42.73,8461.0,210.0,11.2
2025-07-17 07:00:00,47.55,9521.0,241.0,10.84
2025-07-17 08:00:00,44.9,9180.0,224.0,11.79
2025-07-17 09:00:00,46.82,9400.0,240.0,11.94
2025-07-17 10:00:00,40.79,8026.0,200.0,11.06
2025-07-17 11:00:00,39.2,7977.0,196.0,9.86
2025-07-17 12:00:00,37.25,7566.0,184.0,9.55
2025-07-17 13:00:00,34.44,6914.0,169.0,8.09
2025-07-17 14:00:00,28.33,5598.0,140.0,7.08
2025-07-17 15:00:00,29.29,5984.0,139.0,6.65
2025-07-17 16:00:00,30.15,6126.0,154.0,8.07
2025-07-17 17:00:00,26.42,5246.0,136.0,6.19
2025-07-17 18:00:00,27.38,5647.0,140.0,7.49
2025-07-17 19:00:00,26.42,5410.0,137.0,7.43
2025-07-17 20:00:00,30.09,6054.0,155.0,7.51
2025-07-17 21:00:00,29.62,5996.0,148.0,7.29
2025-07-17 22:00:00,30.35,6101.0,144.0,7.74
2025-07-17 23:00:00,35.41,7378.0,181.0,7.64
2025-07-18 00:00:00,35.93,6991.0,168.0,9.41
2025-07-18 01:00:00,35.78,7352.0,186.0,9.34
2025-07-18 02:00:00,38.09,7862.0,192.0,9.87
2025-07-18 03:00:00,42.02,8329.0,215.0,11.17
2025-07-18 04:00:00,41.01,8483.0,201.0,11.38
2025-07-18 05:00:00,43.48,8673.0,207.0,10.56
2025-07-18 06:00:00,44.77,9109.0,234.0,11.16
2025-07-18 07:00:00,39.01,7694.0,198.0,10.26
2025-07-18 08:00:00,41.69,8330.0,209.0,9.54
2025-07-18 09:00:00,42.63,8507.0,221.0,11.06
2025-07-18 10:00:00,40.34,7971.0,195.0,10.9
2025-07-18 11:00:00,34.02,6673.0,167.0,8.51
2025-07-18 12:00:00,32.94,6491.0,165.0,7.88
2025-07-18 13:00:00,28.57,5730.0,147.0,7.23
2025-07-18 14:00:00,28.27,5582.0,133.0,7.25
2025-07-18 15:00:00,27.0,5419.0,148.0,6.96
2025-07-18 16:00:00,25.64,5203.0,122.0,5.3
2025-07-18 17:00:00,26.07,5328.0,137.0,7.13
2025-07-18 18:00:00,26.24,5415.0,134.0,7.04
2025-07-18 19:00:00,20.73,4207.0,105.0,4.35
2025-07-18 20:00:00,25.95,5309.0,131.0,6.28
2025-07-18 21:00:00,24.78,4990.0,128.0,6.25
2025-07-18 22:00:00,29.28,5710.0,153.0,7.03
2025-07-18 23:00:00,29.29,5797.0,143.0,6.7
2025-07-19 00:00:00,26.48,5321.0,132.0,7.17
2025-07-19 01:00:00,30.45,5997.0,158.0,7.13
2025-07-19 02:00:00,35.88,7221.0,187.0,8.78
2025-07-19 03:00:00,35.21,7161.0,174.0,9.42
2025-07-19 04:00:00,39.13,7892.0,197.0,10.08
2025-07-19 05:00:00,43.22,8681.0,218.0,10.54
2025-07-19 06:00:00,42.64,8600.0,210.0,11.43
2025-07-19 07:00:00,42.16,8655.0,208.0,10.46
2025-07-19 08:00:00,43.9,8609.0,215.0,10.51
2025-07-19 09:00:00,37.03,7313.0,181.0,9.27
2025-07-19 10:00:00,35.99,7138.0,181.0,9.04
2025-07-19 11:00:00,34.93,6949.0,171.0,8.89
2025-07-19 12:00:00,28.66,5673.0,146.0,7.45
2025-07-19 13:00:00,27.56,5544.0,141.0,6.43
2025-07-19 14:00:00,26.5,5319.0,138.0,6.61
2025-07-19 15:00:00,23.13,4657.0,122.0,6.35
2025-07-19 16:00:00,22.41,4373.0,112.0,5.59
2025-07-19 17:00:00,23.65,4656.0,120.0,5.62
2025-07-19 18:00:00,17.12,3274.0,96.0,4.54
2025-07-19 19:00:00,21.78,4218.0,99.0,5.14
2025-07-19 20:00:00,21.66,4221.0,108.0,5.03
2025-07-19 21:00:00,24.52,4897.0,119.0,6.43
2025-07-19 22:00:00,26.3,5054.0,129.0,6.12
2025-07-19 23:00:00,28.08,5719.0,132.0,6.42
2025-07-20 00:00:00,32.6,6589.0,159.0,8.73
2025-07-20 01:00:00,31.54,6211.0,155.0,7.99
2025-07-20 02:00:00,38.13,7518.0,191.0,9.17
2025-07-20 03:00:00,36.02,7092.0,188.0,8.5
2025-07-20 04:00:00,40.22,8008.0,203.0,11.53
2025-07-20 05:00:00,39.32,7914.0,195.0,11.16
2025-07-20 06:00:00,37.89,7672.0,200.0,10.49
2025-07-20 07:00:00,41.1,8141.0,210.0,10.05
2025-07-20 08:00:00,38.82,7723.0,189.0,9.55
2025-07-20 09:00:00,41.13,8248.0,210.0,10.63
2025-07-20 10:00:00,34.78,6862.0,177.0,9.7
2025-07-20 11:00:00,31.23,6198.0,148.0,7.86
2025-07-20 12:00:00,29.71,6107.0,151.0,7.1
2025-07-20 13:00:00,31.05,6125.0,167.0,7.91
2025-07-20 14:00:00,28.23,5642.0,140.0,6.38
2025-07-20 15:00:00,21.62,4328.0,104.0,5.3
2025-07-20 16:00:00,21.2,4454.0,105.0,5.98
2025-07-20 17:00:00,20.63,4095.0,105.0,5.67
2025-07-20 18:00:00,21.55,4138.0,112.0,5.08
2025-07-20 19:00:00,22.16,4308.0,121.0,5.16
2025-07-20 20:00:00,19.18,3700.0,97.0,5.26
2025-07-20 21:00:00,25.23,4965.0,127.0,6.94
2025-07-20 22:00:00,24.9,4998.0,125.0,6.38
2025-07-20 23:00:00,30.3,5826.0,154.0,8.16
2025-07-21 00:00:00,35.72,7254.0,181.0,8.77
2025-07-21 01:00:00,39.38,8001.0,191.0,10.33
2025-07-21 02:00:00,42.11,8391.0,216.0,9.56
2025-07-21 03:00:00,44.76,8950.0,216.0,10.88
2025-07-21 04:00:00,43.19,8643.0,218.0,11.26
2025-07-21 05:00:00,43.41,8875.0,217.0,9.88
2025-07-21 06:00:00,43.01,8334.0,221.0,10.15
2025-07-21 07:00:00,45.63,9081.0,217.0,11.71
2025-07-21 08:00:00,43.32,8707.0,221.0,10.59
2025-07-21 09:00:00,44.85,9024.0,221.0,11.64
2025-07-21 10:00:00,40.67,7965.0,213.0,9.56
2025-07-21 11:00:00,38.98,7829.0,196.0,9.65
2025-07-21 12:00:00,34.92,6949.0,184.0,10.02
2025-07-21 13:00:00,32.89,6664.0,161.0,8.45
2025-07-21 14:00:00,27.53,5428.0,136.0,6.42
2025-07-21 15:00:00,29.25,5865.0,145.0,7.32
2025-07-21 16:00:00,27.21,5459.0,137.0,6.36
2025-07-21 17:00:00,26.55,5433.0,128.0,6.42
2025-07-21 18:00:00,22.73,4636.0,112.0,5.9
2025-07-21 19:00:00,27.57,5590.0,137.0,6.56
2025-07-21 20:00:00,28.11,5726.0,138.0,7.27
2025-07-21 21:00:00,25.97,5198.0,127.0,6.27
2025-07-21 22:00:00,33.52,6844.0,166.0,8.78
2025-07-21 23:00:00,32.08,6449.0,167.0,8.06
2025-07-22 00:00:00,39.34,7916.0,196.0,9.07
2025-07-22 01:00:00,38.57,7850.0,188.0,9.33
2025-07-22 02:00:00,40.89,8214.0,205.0,10.26
2025-07-22 03:00:00,44.69,8837.0,231.0,11.81
2025-07-22 04:00:00,46.02,9148.0,224.0,11.23
2025-07-22 05:00:00,45.51,8998.0,228.0,11.56
2025-07-22 06:00:00,48.98,9904.0,238.0,11.81
2025-07-22 07:00:00,46.57,9381.0,243.0,11.56
2025-07-22 08:00:00,47.08,9433.0,238.0,12.12
2025-07-22 09:00:00,48.03,9418.0,243.0,11.46
2025-07-22 10:00:00,46.63,9470.0,226.0,11.85
2025-07-22 11:00:00,40.85,8185.0,214.0,9.5
2025-07-22 12:00:00,37.77,7588.0,197.0,9.55
2025-07-22 13:00:00,33.67,6657.0,167.0,8.31
2025-07-22 14:00:00,34.85,6954.0,177.0,8.46
2025-07-22 15:00:00,28.61,5858.0,143.0,7.06
2025-07-22 16:00:00,31.34,6297.0,156.0,8.43
2025-07-22 17:00:00,30.67,5968.0,157.0,7.71
2025-07-22 18:00:00,24.56,5018.0,123.0,6.91
2025-07-22 19:00:00,28.2,5740.0,138.0,6.21
2025-07-22 20:00:00,27.18,5508.0,143.0,7.19
2025-07-22 21:00:00,31.37,6213.0,161.0,8.33
2025-07-22 22:00:00,31.42,6157.0,156.0,7.64
2025-07-22 23:00:00,36.88,7371.0,189.0,9.78
2025-07-23 00:00:00,37.47,7597.0,192.0,9.89
2025-07-23 01:00:00,41.6,8228.0,210.0,10.88
2025-07-23 02:00:00,45.35,9036.0,230.0,11.34
2025-07-23 03:00:00,47.74,9615.0,239.0,12.34
2025-07-23 04:00:00,51.05,10204.0,254.0,13.64
2025-07-23 05:00:00,49.92,9917.0,262.0,12.68
2025-07-23 06:00:00,49.84,9961.0,247.0,12.34
2025-07-23 07:00:00,46.23,9192.0,232.0,10.6
2025-07-23 08:00:00,49.54,9959.0,249.0,13.02
2025-07-23 09:00:00,47.38,9482.0,239.0,12.49
2025-07-23 10:00:00,43.51,8525.0,217.0,11.47
2025-07-23 11:00:00,39.95,8001.0,209.0,9.4
2025-07-23 12:00:00,36.99,7386.0,184.0,8.53
2025-07-23 13:00:00,37.06,7262.0,185.0,8.92
2025-07-23 14:00:00,33.35,6515.0,165.0,9.8
2025-07-23 15:00:00,34.25,6895.0,176.0,9.01
2025-07-23 16:00:00,30.11,5909.0,141.0,7.94
2025-07-23 17:00:00,33.49,6518.0,170.0,7.81
2025-07-23 18:00:00,28.24,5449.0,140.0,7.19
2025-07-23 19:00:00,27.32,5406.0,137.0,6.61
2025-07-23 20:00:00,28.6,5590.0,144.0,8.0
2025-07-23 21:00:00,31.23,6250.0,151.0,7.47
2025-07-23 22:00:00,31.45,6169.0,151.0,8.1
2025-07-23 23:00:00,38.9,7740.0,198.0,9.59
2025-07-24 00:00:00,36.49,7393.0,185.0,8.85
2025-07-24 01:00:00,38.15,7693.0,193.0,8.83
2025-07-24 02:00:00,46.21,9305.0,234.0,12.19
2025-07-24 03:00:00,39.69,7792.0,203.0,10.08
2025-07-24 04:00:00,46.32,9291.0,235.0,11.57
2025-07-24 05:00:00,46.73,9323.0,234.0,11.41
2025-07-24 06:00:00,51.11,10199.0,263.0,12.21
2025-07-24 07:00:00,46.67,9289.0,226.0,11.74
2025-07-24 08:00:00,44.38,8955.0,220.0,11.54
2025-07-24 09:00:00,46.32,9313.0,232.0,11.96
2025-07-24 10:00:00,42.6,8433.0,213.0,11.26
2025-07-24 11:00:00,43.21,8521.0,216.0,10.29
2025-07-24 12:00:00,37.72,7512.0,182.0,9.82
2025-07-24 13:00:00,36.85,7397.0,173.0,9.32
2025-07-24 14:00:00,31.7,6385.0,153.0,7.41
2025-07-24 15:00:00,29.48,5781.0,152.0,8.09
2025-07-24 16:00:00,26.81,5468.0,134.0,7.45
2025-07-24 17:00:00,26.55,5323.0,127.0,6.91
2025-07-24 18:00:00,26.88,5292.0,142.0,6.02
2025-07-24 19:00:00,28.86,5703.0,141.0,7.58
2025-07-24 20:00:00,28.74,5740.0,147.0,6.87
2025-07-24 21:00:00,32.62,6430.0,164.0,7.66
2025-07-24 22:00:00,32.67,6587.0,161.0,8.58
2025-07-24 23:00:00,33.94,6889.0,165.0,8.73
2025-07-25 00:00:00,37.0,7309.0,180.0,9.75
2025-07-25 01:00:00,34.4,6768.0,175.0,8.31
2025-07-25 02:00:00,36.22,7372.0,178.0,8.47
2025-07-25 03:00:00,42.73,8449.0,211.0,10.35
2025-07-25 04:00:00,40.04,8033.0,200.0,10.37
2025-07-25 05:00:00,42.96,8686.0,212.0,10.35
2025-07-25 06:00:00,40.46,8152.0,203.0,10.23
2025-07-25 07:00:00,42.36,8396.0,211.0,11.46
2025-07-25 08:00:00,41.02,8227.0,207.0,10.61
2025-07-25 09:00:00,38.49,7763.0,197.0,9.43
2025-07-25 10:00:00,39.82,7942.0,207.0,9.89
2025-07-25 11:00:00,35.09,7098.0,169.0,9.07
2025-07-25 12:00:00,32.76,6550.0,167.0,8.33
2025-07-25 13:00:00,31.55,6419.0,158.0,7.76
2025-07-25 14:00:00,26.68,5318.0,138.0,6.08
2025-07-25 15:00:00,25.94,5123.0,126.0,6.39
2025-07-25 16:00:00,24.41,5019.0,115.0,6.2
2025-07-25 17:00:00,26.06,5088.0,139.0,6.86
2025-07-25 18:00:00,22.92,4470.0,125.0,5.86
2025-07-25 19:00:00,24.26,4762.0,120.0,6.42
2025-07-25 20:00:00,22.73,4504.0,112.0,6.18
2025-07-25 21:00:00,27.23,5281.0,145.0,7.04
2025-07-25 22:00:00,28.41,5751.0,147.0,8.08
2025-07-25 23:00:00,30.65,6163.0,151.0,8.13
2025-07-26 00:00:00,30.44,6052.0,149.0,7.88
2025-07-26 01:00:00,33.29,6496.0,163.0,8.46
2025-07-26 02:00:00,37.23,7408.0,179.0,9.59
2025-07-26 03:00:00,38.05,7499.0,190.0,10.09
2025-07-26 04:00:00,35.03,6944.0,169.0,8.41
2025-07-26 05:00:00,39.04,7818.0,199.0,9.36
2025-07-26 06:00:00,38.83,7884.0,190.0,9.25
2025-07-26 07:00:00,43.16,8837.0,210.0,11.19
2025-07-26 08:00:00,35.0,6900.0,172.0,10.1
2025-07-26 09:00:00,34.72,7173.0,171.0,9.41
2025-07-26 10:00:00,37.08,7453.0,186.0,9.24
2025-07-26 11:00:00,30.72,6061.0,160.0,7.81
2025-07-26 12:00:00,31.57,6363.0,162.0,8.19
2025-07-26 13:00:00,24.6,4886.0,123.0,5.75
2025-07-26 14:00:00,25.4,5058.0,116.0,6.56
2025-07-26 15:00:00,21.55,4465.0,103.0,6.29
2025-07-26 16:00:00,22.28,4656.0,114.0,5.13
2025-07-26 17:00:00,20.54,4196.0,113.0,5.21
2025-07-26 18:00:00,21.28,4272.0,111.0,5.82
2025-07-26 19:00:00,22.6,4505.0,118.0,4.72
2025-07-26 20:00:00,20.1,4093.0,101.0,5.06
2025-07-26 21:00:00,22.34,4462.0,119.0,5.28
2025-07-26 22:00:00,24.99,4915.0,120.0,6.7
2025-07-26 23:00:00,28.46,5647.0,139.0,6.59
2025-07-27 00:00:00,30.8,6196.0,155.0,8.11
2025-07-27 01:00:00,34.19,6962.0,164.0,8.63
2025-07-27 02:00:00,38.09,7680.0,186.0,9.68
2025-07-27 03:00:00,39.39,7827.0,200.0,10.6
2025-07-27 04:00:00,38.25,7728.0,198.0,10.66
2025-07-27 05:00:00,39.21,7844.0,195.0,10.13
2025-07-27 06:00:00,37.66,7501.0,180.0,8.92
2025-07-27 07:00:00,41.48,8117.0,206.0,10.21
2025-07-27 08:00:00,37.09,7355.0,179.0,9.24
2025-07-27 09:00:00,36.2,7357.0,185.0,8.73
2025-07-27 10:00:00,36.11,7129.0,182.0,9.39
2025-07-27 11:00:00,33.54,6814.0,171.0,7.85
2025-07-27 12:00:00,32.99,6588.0,174.0,8.95
2025-07-27 13:00:00,32.32,6568.0,171.0,8.86
2025-07-27 14:00:00,24.66,4929.0,121.0,5.51
2025-07-27 15:00:00,23.57,4613.0,120.0,6.3
2025-07-27 16:00:00,22.48,4464.0,118.0,5.9
2025-07-27 17:00:00,22.2,4511.0,112.0,5.59
2025-07-27 18:00:00,19.14,3961.0,103.0,3.93
2025-07-27 19:00:00,21.75,4264.0,111.0,5.07
2025-07-27 20:00:00,20.82,4199.0,107.0,5.74
2025-07-27 21:00:00,19.98,4070.0,107.0,4.94
2025-07-27 22:00:00,24.93,4892.0,126.0,5.82
2025-07-27 23:00:00,28.58,5747.0,137.0,7.16
2025-07-28 00:00:00,35.72,7253.0,173.0,8.92
2025-07-28 01:00:00,36.26,7551.0,181.0,8.99
2025-07-28 02:00:00,40.26,8078.0,205.0,9.98
2025-07-28 03:00:00,39.34,7909.0,197.0,9.41
2025-07-28 04:00:00,40.96,8266.0,202.0,9.57
2025-07-28 05:00:00,44.67,8953.0,219.0,10.33
2025-07-28 06:00:00,46.28,9106.0,227.0,11.9
2025-07-28 07:00:00,46.05,9267.0,227.0,11.81
2025-07-28 08:00:00,46.26,9231.0,228.0,11.63
2025-07-28 09:00:00,39.69,7879.0,201.0,10.62
2025-07-28 10:00:00,39.48,7987.0,197.0,9.82
2025-07-28 11:00:00,36.13,7197.0,176.0,8.52
2025-07-28 12:00:00,35.46,6901.0,177.0,8.4
2025-07-28 13:00:00,30.79,6066.0,162.0,7.12
2025-07-28 14:00:00,29.6,5875.0,152.0,7.41
2025-07-28 15:00:00,26.39,5401.0,131.0,5.97
2025-07-28 16:00:00,24.49,4962.0,127.0,5.82
2025-07-28 17:00:00,25.28,5113.0,120.0,5.88
2025-07-28 18:00:00,22.84,4487.0,119.0,5.16
2025-07-28 19:00:00,24.49,4971.0,122.0,6.09
2025-07-28 20:00:00,24.02,4736.0,117.0,6.33
2025-07-28 21:00:00,25.44,5010.0,125.0,6.42
2025-07-28 22:00:00,30.08,6043.0,150.0,8.22
2025-07-28 23:00:00,32.08,6457.0,164.0,7.79
2025-07-29 00:00:00,41.26,8353.0,213.0,10.2
2025-07-29 01:00:00,42.16,8529.0,209.0,9.8
2025-07-29 02:00:00,43.84,8573.0,215.0,11.11
2025-07-29 03:00:00,43.71,8741.0,220.0,11.17
2025-07-29 04:00:00,47.5,9428.0,236.0,12.33
2025-07-29 05:00:00,48.98,9749.0,243.0,11.94
2025-07-29 06:00:00,45.13,9056.0,234.0,11.6
2025-07-29 07:00:00,52.6,10600.0,264.0,12.62
2025-07-29 08:00:00,46.16,9041.0,234.0,11.64
2025-07-29 09:00:00,46.79,9298.0,235.0,11.18
2025-07-29 10:00:00,41.11,8284.0,214.0,10.56
2025-07-29 11:00:00,40.64,7999.0,201.0,9.75
2025-07-29 12:00:00,38.0,7606.0,192.0,9.41
2025-07-29 13:00:00,37.16,7434.0,179.0,8.93
2025-07-29 14:00:00,31.14,6123.0,161.0,8.59
2025-07-29 15:00:00,32.93,6644.0,174.0,8.29
2025-07-29 16:00:00,27.2,5345.0,131.0,7.62
2025-07-29 17:00:00,29.47,5971.0,150.0,6.72
2025-07-29 18:00:00,31.03,6231.0,154.0,7.61
2025-07-29 19:00:00,29.83,5976.0,150.0,8.65
2025-07-29 20:00:00,26.48,5095.0,131.0,6.65
2025-07-29 21:00:00,31.55,6321.0,159.0,7.48
2025-07-29 22:00:00,36.49,7127.0,174.0,9.11
2025-07-29 23:00:00,35.03,7147.0,181.0,8.39
2025-07-30 00:00:00,38.16,7638.0,180.0,9.52
2025-07-30 01:00:00,42.16,8359.0,208.0,10.74
2025-07-30 02:00:00,44.74,8984.0,226.0,12.02
2025-07-30 03:00:00,50.89,10132.0,247.0,12.47
2025-07-30 04:00:00,49.52,9704.0,255.0,12.21
2025-07-30 05:00:00,52.58,10411.0,267.0,14.14
2025-07-30 06:00:00,50.63,10050.0,258.0,13.51
2025-07-30 07:00:00,51.58,10385.0,255.0,13.38
2025-07-30 08:00:00,47.75,9636.0,240.0,11.49
2025-07-30 09:00:00,47.53,9461.0,244.0,12.35
2025-07-30 10:00:00,45.94,9271.0,242.0,11.84
2025-07-30 11:00:00,44.9,8978.0,226.0,10.69
2025-07-30 12:00:00,39.52,7879.0,190.0,9.37
2025-07-30 13:00:00,38.87,7789.0,191.0,9.72
2025-07-30 14:00:00,36.59,7372.0,188.0,9.51
2025-07-30 15:00:00,30.8,6295.0,159.0,7.23
2025-07-30 16:00:00,28.62,5619.0,143.0,7.33
2025-07-30 17:00:00,30.68,6226.0,154.0,7.9
2025-07-30 18:00:00,30.81,6010.0,156.0,8.13
2025-07-30 19:00:00,28.56,5759.0,150.0,6.34
2025-07-30 20:00:00,31.42,6229.0,160.0,7.87
2025-07-30 21:00:00,33.85,6870.0,162.0,8.6
2025-07-30 22:00:00,37.32,7351.0,187.0,9.77
2025-07-30 23:00:00,36.14,7188.0,181.0,9.34
2025-07-31 00:00:00,38.39,7709.0,196.0,10.27
2025-07-31 01:00:00,44.2,8882.0,228.0,11.18
2025-07-31 02:00:00,44.43,8978.0,227.0,11.54
2025-07-31 03:00:00,41.96,8356.0,198.0,9.81
2025-07-31 04:00:00,50.08,10028.0,250.0,12.82
2025-07-31 05:00:00,45.55,9166.0,223.0,12.1
2025-07-31 06:00:00,45.15,9057.0,229.0,11.43
2025-07-31 07:00:00,48.56,9637.0,238.0,11.29
2025-07-31 08:00:00,49.46,9917.0,250.0,12.78
2025-07-31 09:00:00,45.83,8973.0,223.0,11.06
2025-07-31 10:00:00,45.4,9137.0,223.0,11.42
2025-07-31 11:00:00,42.74,8517.0,214.0,10.62
2025-07-31 12:00:00,38.02,7634.0,190.0,9.17
2025-07-31 13:00:00,34.87,6895.0,172.0,8.11
2025-07-31 14:00:00,34.5,7004.0,171.0,9.49
2025-07-31 15:00:00,30.61,6084.0,150.0,7.1
2025-07-31 16:00:00,28.26,5894.0,136.0,7.34
2025-07-31 17:00:00,24.08,4847.0,122.0,5.34
2025-07-31 18:00:00,27.67,5695.0,142.0,7.37
2025-07-31 19:00:00,26.03,5259.0,127.0,6.7
2025-07-31 20:00:00,28.85,5730.0,144.0,6.44
2025-07-31 21:00:00,31.04,6293.0,159.0,8.12
2025-07-31 22:00:00,31.49,6278.0,163.0,7.71
2025-07-31 23:00:00,33.54,6654.0,161.0,7.88
2025-08-01 00:00:00,31.66,6252.0,150.0,7.71
2025-08-01 01:00:00,33.37,6573.0,168.0,8.21
2025-08-01 02:00:00,39.46,7996.0,205.0,10.31
2025-08-01 03:00:00,42.59,8532.0,216.0,11.4
2025-08-01 04:00:00,40.63,8092.0,206.0,10.05
2025-08-01 05:00:00,43.44,8584.0,214.0,11.44
2025-08-01 06:00:00,43.33,8496.0,219.0,11.0
2025-08-01 07:00:00,41.75,8438.0,216.0,10.45
2025-08-01 08:00:00,42.9,8587.0,219.0,10.99
2025-08-01 09:00:00,37.9,7787.0,194.0,9.63
2025-08-01 10:00:00,38.34,7604.0,205.0,8.8
2025-08-01 11:00:00,32.46,6548.0,159.0,9.3
2025-08-01 12:00:00,33.07,6655.0,163.0,8.17
2025-08-01 13:00:00,32.29,6345.0,150.0,8.78
2025-08-01 14:00:00,27.8,5516.0,133.0,7.63
2025-08-01 15:00:00,21.74,4481.0,108.0,4.96
2025-08-01 16:00:00,25.66,5255.0,123.0,6.1
2025-08-01 17:00:00,20.93,4159.0,113.0,4.62
2025-08-01 18:00:00,22.46,4365.0,110.0,5.56
2025-08-01 19:00:00,22.1,4485.0,103.0,4.93
2025-08-01 20:00:00,21.53,4440.0,104.0,4.92
2025-08-01 21:00:00,26.72,5273.0,137.0,6.1
2025-08-01 22:00:00,27.26,5342.0,147.0,5.82
2025-08-01 23:00:00,31.43,6207.0,153.0,10.08
2025-08-02 00:00:00,29.91,5947.0,154.0,7.25
2025-08-02 01:00:00,33.2,6621.0,171.0,8.78
2025-08-02 02:00:00,36.05,7119.0,185.0,8.28
2025-08-02 03:00:00,37.5,7496.0,182.0,9.12
2025-08-02 04:00:00,37.03,7321.0,189.0,9.07
2025-08-02 05:00:00,36.19,7200.0,185.0,9.22
2025-08-02 06:00:00,41.72,8410.0,208.0,10.37
2025-08-02 07:00:00,42.96,8543.0,202.0,10.97
2025-08-02 08:00:00,41.09,8138.0,206.0,10.12
2025-08-02 09:00:00,34.82,7156.0,176.0,8.36
2025-08-02 10:00:00,32.47,6582.0,162.0,8.55
2025-08-02 11:00:00,33.51,6715.0,166.0,8.41
2025-08-02 12:00:00,30.49,6325.0,148.0,7.92
2025-08-02 13:00:00,23.76,4636.0,122.0,6.41
2025-08-02 14:00:00,25.46,5236.0,127.0,6.74
2025-08-02 15:00:00,24.94,5025.0,123.0,5.74
2025-08-02 16:00:00,22.64,4565.0,117.0,5.8
2025-08-02 17:00:00,22.01,4360.0,117.0,4.59
2025-08-02 18:00:00,18.27,3611.0,98.0,3.98
2025-08-02 19:00:00,21.76,4283.0,108.0,5.29
2025-08-02 20:00:00,20.12,3968.0,97.0,5.41
2025-08-02 21:00:00,26.57,5289.0,135.0,6.28
2025-08-02 22:00:00,23.6,4789.0,122.0,5.91
2025-08-02 23:00:00,26.64,5463.0,134.0,6.63
2025-08-03 00:00:00,30.27,6164.0,158.0,7.65
2025-08-03 01:00:00,33.26,6585.0,171.0,8.25
2025-08-03 02:00:00,40.23,7975.0,204.0,10.07
2025-08-03 03:00:00,33.92,6645.0,176.0,8.74
2025-08-03 04:00:00,41.0,8236.0,205.0,10.04
2025-08-03 05:00:00,43.32,8584.0,216.0,11.49
2025-08-03 06:00:00,40.21,7987.0,204.0,9.46
2025-08-03 07:00:00,43.69,8690.0,219.0,10.85
2025-08-03 08:00:00,39.65,7891.0,198.0,10.34
2025-08-03 09:00:00,36.91,7411.0,186.0,9.33
2025-08-03 10:00:00,37.21,7369.0,184.0,9.9
2025-08-03 11:00:00,33.54,6761.0,171.0,9.28
2025-08-03 12:00:00,29.46,5912.0,150.0,7.24
2025-08-03 13:00:00,26.53,5267.0,131.0,6.68
2025-08-03 14:00:00,24.92,5110.0,115.0,6.37
2025-08-03 15:00:00,27.05,5492.0,140.0,6.54
2025-08-03 16:00:00,27.99,5622.0,134.0,6.04
2025-08-03 17:00:00,20.64,4094.0,105.0,5.77
2025-08-03 18:00:00,22.87,4580.0,121.0,4.78
2025-08-03 19:00:00,25.12,4959.0,127.0,6.07
2025-08-03 20:00:00,21.27,4338.0,108.0,5.78
2025-08-03 21:00:00,20.32,4071.0,104.0,5.74
2025-08-03 22:00:00,29.8,5959.0,149.0,7.38
2025-08-03 23:00:00,26.93,5248.0,139.0,7.09
2025-08-04 00:00:00,34.15,6721.0,168.0,7.97
2025-08-04 01:00:00,36.83,7251.0,193.0,8.6
2025-08-04 02:00:00,36.27,7149.0,186.0,8.82
2025-08-04 03:00:00,41.39,8329.0,200.0,9.77
2025-08-04 04:00:00,44.8,9049.0,235.0,11.36
2025-08-04 05:00:00,43.82,8790.0,224.0,10.48
2025-08-04 06:00:00,44.06,8918.0,212.0,11.29
2025-08-04 07:00:00,46.73,9229.0,230.0,11.77
2025-08-04 08:00:00,43.84,8844.0,223.0,10.82
2025-08-04 09:00:00,40.63,8272.0,204.0,10.15
2025-08-04 10:00:00,38.55,7586.0,194.0,8.77
2025-08-04 11:00:00,37.63,7456.0,192.0,8.96
2025-08-04 12:00:00,35.03,6913.0,172.0,9.0
2025-08-04 13:00:00,35.29,7105.0,164.0,9.41
2025-08-04 14:00:00,33.58,6842.0,168.0,7.52
2025-08-04 15:00:00,27.39,5388.0,138.0,6.55
2025-08-04 16:00:00,33.36,6666.0,163.0,8.17
2025-08-04 17:00:00,26.05,5103.0,128.0,6.56
2025-08-04 18:00:00,25.08,4889.0,125.0,6.9
2025-08-04 19:00:00,28.01,5602.0,138.0,7.52
2025-08-04 20:00:00,27.77,5479.0,140.0,6.53
2025-08-04 21:00:00,29.33,5977.0,140.0,7.08
2025-08-04 22:00:00,31.19,6293.0,151.0,8.62
2025-08-04 23:00:00,31.56,6422.0,149.0,7.67
2025-08-05 00:00:00,39.43,7815.0,201.0,9.31
2025-08-05 01:00:00,39.38,7688.0,196.0,10.93
2025-08-05 02:00:00,42.83,8453.0,216.0,9.46
2025-08-05 03:00:00,48.43,9743.0,246.0,12.53
2025-08-05 04:00:00,49.5,9688.0,243.0,12.5
2025-08-05 05:00:00,48.69,9772.0,242.0,12.26
2025-08-05 06:00:00,46.98,9356.0,231.0,11.12
2025-08-05 07:00:00,49.91,9766.0,250.0,12.85
2025-08-05 08:00:00,46.4,9347.0,226.0,11.54
2025-08-05 09:00:00,42.96,8599.0,215.0,10.36
2025-08-05 10:00:00,46.32,9219.0,217.0,11.33
2025-08-05 11:00:00,37.74,7464.0,187.0,9.0
2025-08-05 12:00:00,39.18,7925.0,179.0,8.84
2025-08-05 13:00:00,36.8,7522.0,183.0,9.7
2025-08-05 14:00:00,36.55,7330.0,184.0,9.02
2025-08-05 15:00:00,30.01,5788.0,150.0,7.5
2025-08-05 16:00:00,30.31,5995.0,147.0,7.71
2025-08-05 17:00:00,26.32,5413.0,129.0,6.8
2025-08-05 18:00:00,27.76,5693.0,133.0,6.47
2025-08-05 19:00:00,26.74,5442.0,140.0,7.13
2025-08-05 20:00:00,30.76,6291.0,150.0,7.66
2025-08-05 21:00:00,27.92,5471.0,147.0,6.3
2025-08-05 22:00:00,30.38,6015.0,154.0,7.83
2025-08-05 23:00:00,38.06,7580.0,193.0,10.08
2025-08-06 00:00:00,44.12,8651.0,218.0,11.46
2025-08-06 01:00:00,41.94,8444.0,212.0,10.68
2025-08-06 02:00:00,44.05,8827.0,224.0,11.45
2025-08-06 03:00:00,46.6,9258.0,228.0,11.91
2025-08-06 04:00:00,49.08,9640.0,249.0,12.69
2025-08-06 05:00:00,48.85,9696.0,246.0,11.44
2025-08-06 06:00:00,46.91,9507.0,235.0,11.23
2025-08-06 07:00:00,49.36,9903.0,242.0,11.43
2025-08-06 08:00:00,50.23,10137.0,251.0,12.66
2025-08-06 09:00:00,47.7,9608.0,248.0,12.53
2025-08-06 10:00:00,42.47,8286.0,202.0,10.68
2025-08-06 11:00:00,44.02,8705.0,211.0,11.12
2025-08-06 12:00:00,41.21,8339.0,204.0,10.27
2025-08-06 13:00:00,37.87,7694.0,193.0,9.38
2025-08-06 14:00:00,35.14,7014.0,184.0,8.15
2025-08-06 15:00:00,34.93,6966.0,171.0,8.79
2025-08-06 16:00:00,31.42,6377.0,153.0,7.86
2025-08-06 17:00:00,32.82,6632.0,170.0,8.97
2025-08-06 18:00:00,25.64,5106.0,131.0,7.26
2025-08-06 19:00:00,30.42,6056.0,152.0,7.68
2025-08-06 20:00:00,32.23,6565.0,151.0,8.34
2025-08-06 21:00:00,32.35,6496.0,174.0,8.3
2025-08-06 22:00:00,33.53,6673.0,155.0,8.15
2025-08-06 23:00:00,38.77,7767.0,189.0,9.57
2025-08-07 00:00:00,35.15,7105.0,177.0,8.8
2025-08-07 01:00:00,43.94,8706.0,220.0,11.06
2025-08-07 02:00:00,41.64,8248.0,209.0,10.04
2025-08-07 03:00:00,44.86,8989.0,224.0,11.31
2025-08-07 04:00:00,47.07,9431.0,232.0,11.62
2025-08-07 05:00:00,45.99,9215.0,235.0,10.87
2025-08-07 06:00:00,46.27,9103.0,229.0,10.54
2025-08-07 07:00:00,46.4,9135.0,237.0,12.3
2025-08-07 08:00:00,47.35,9354.0,247.0,11.9
2025-08-07 09:00:00,45.12,9173.0,225.0,11.39
2025-08-07 10:00:00,38.61,7785.0,193.0,10.44
2025-08-07 11:00:00,40.02,8110.0,201.0,9.4
2025-08-07 12:00:00,35.88,7199.0,172.0,8.8
2025-08-07 13:00:00,32.74,6519.0,161.0,8.08
2025-08-07 14:00:00,34.02,6861.0,169.0,9.06
2025-08-07 15:00:00,31.86,6448.0,151.0,7.53
2025-08-07 16:00:00,23.7,4788.0,120.0,6.3
2025-08-07 17:00:00,28.48,5711.0,134.0,7.53
2025-08-07 18:00:00,25.63,5090.0,125.0,6.8
2025-08-07 19:00:00,26.58,5182.0,134.0,6.49
2025-08-07 20:00:00,31.52,6364.0,154.0,7.54
2025-08-07 21:00:00,29.66,5884.0,147.0,7.62
2025-08-07 22:00:00,31.9,6439.0,164.0,7.69
2025-08-07 23:00:00,32.49,6542.0,159.0,8.3
2025-08-08 00:00:00,32.55,6361.0,163.0,7.94
2025-08-08 01:00:00,37.04,7349.0,183.0,10.72
2025-08-08 02:00:00,39.37,7970.0,195.0,9.38
2025-08-08 03:00:00,35.95,7397.0,178.0,8.79
2025-08-08 04:00:00,43.2,8579.0,229.0,10.71
2025-08-08 05:00:00,43.86,8713.0,219.0,10.83
2025-08-08 06:00:00,40.01,8003.0,198.0,10.24
2025-08-08 07:00:00,46.79,9453.0,233.0,11.57
2025-08-08 08:00:00,40.47,8161.0,195.0,10.99
2025-08-08 09:00:00,39.07,7737.0,198.0,9.11
2025-08-08 10:00:00,40.89,8135.0,211.0,10.08
2025-08-08 11:00:00,31.75,6405.0,165.0,9.4
2025-08-08 12:00:00,34.05,6816.0,166.0,8.7
2025-08-08 13:00:00,33.37,6602.0,173.0,8.57
2025-08-08 14:00:00,31.17,6315.0,153.0,7.92
2025-08-08 15:00:00,23.87,4688.0,124.0,5.42
2025-08-08 16:00:00,24.68,4923.0,122.0,6.16
2025-08-08 17:00:00,26.34,5408.0,140.0,6.64
2025-08-08 18:00:00,20.55,4096.0,112.0,5.24
2025-08-08 19:00:00,19.84,3916.0,104.0,5.04
2025-08-08 20:00:00,24.92,4954.0,113.0,5.89
2025-08-08 21:00:00,26.27,5239.0,137.0,7.1
2025-08-08 22:00:00,28.28,5600.0,135.0,7.09
2025-08-08 23:00:00,32.0,6375.0,159.0,8.13
2025-08-09 00:00:00,31.97,6388.0,156.0,8.53
2025-08-09 01:00:00,31.3,6360.0,165.0,7.76
2025-08-09 02:00:00,36.12,7304.0,186.0,8.36
2025-08-09 03:00:00,38.4,7710.0,188.0,8.9
2025-08-09 04:00:00,39.81,7988.0,193.0,10.75
2025-08-09 05:00:00,41.27,8299.0,209.0,10.52
2025-08-09 06:00:00,40.2,8069.0,201.0,11.64
2025-08-09 07:00:00,37.65,7562.0,195.0,8.97
2025-08-09 08:00:00,36.76,7195.0,188.0,9.28
2025-08-09 09:00:00,38.49,7671.0,189.0,9.03
2025-08-09 10:00:00,34.71,6926.0,177.0,7.89
2025-08-09 11:00:00,33.54,6774.0,173.0,8.26
2025-08-09 12:00:00,29.86,5932.0,146.0,7.71
2025-08-09 13:00:00,28.6,5896.0,143.0,6.81
2025-08-09 14:00:00,26.42,5294.0,125.0,7.11
2025-08-09 15:00:00,23.44,4796.0,113.0,6.73
2025-08-09 16:00:00,25.42,5092.0,119.0,5.86
2025-08-09 17:00:00,20.62,4057.0,102.0,5.69
2025-08-09 18:00:00,19.72,3912.0,98.0,5.68
2025-08-09 19:00:00,23.09,4592.0,119.0,5.41
2025-08-09 20:00:00,21.02,4354.0,102.0,5.48
2025-08-09 21:00:00,23.14,4417.0,110.0,5.37
2025-08-09 22:00:00,25.51,5211.0,125.0,6.93
2025-08-09 23:00:00,30.69,6085.0,144.0,7.63
2025-08-10 00:00:00,28.04,5704.0,137.0,6.01
2025-08-10 01:00:00,31.5,6185.0,160.0,7.43
2025-08-10 02:00:00,35.21,7006.0,171.0,8.66
2025-08-10 03:00:00,40.25,8187.0,198.0,10.26
2025-08-10 04:00:00,41.49,8132.0,210.0,11.27
2025-08-10 05:00:00,39.24,7864.0,202.0,11.04
2025-08-10 06:00:00,39.3,7805.0,194.0,10.01
2025-08-10 07:00:00,40.56,8124.0,209.0,10.35
2025-08-10 08:00:00,42.43,8356.0,203.0,11.03
2025-08-10 09:00:00,35.76,7231.0,180.0,8.87
2025-08-10 10:00:00,34.44,6876.0,166.0,9.26
2025-08-10 11:00:00,34.27,6819.0,176.0,8.45
2025-08-10 12:00:00,34.02,6518.0,175.0,8.68
2025-08-10 13:00:00,30.45,6123.0,162.0,7.2
2025-08-10 14:00:00,26.28,5255.0,131.0,6.47
2025-08-10 15:00:00,21.15,4226.0,105.0,4.65
2025-08-10 16:00:00,24.78,5071.0,126.0,6.86
2025-08-10 17:00:00,21.33,4298.0,113.0,5.74
2025-08-10 18:00:00,19.22,3731.0,95.0,5.25
2025-08-10 19:00:00,21.3,4183.0,107.0,4.76
2025-08-10 20:00:00,26.36,5112.0,134.0,6.46
2025-08-10 21:00:00,29.38,5998.0,148.0,6.98
2025-08-10 22:00:00,24.72,5044.0,130.0,6.33
2025-08-10 23:00:00,27.07,5650.0,130.0,6.88
2025-08-11 00:00:00,34.74,6849.0,173.0,8.36
2025-08-11 01:00:00,37.56,7438.0,183.0,9.17
2025-08-11 02:00:00,36.79,7419.0,184.0,8.79
2025-08-11 03:00:00,43.41,8777.0,214.0,10.11
2025-08-11 04:00:00,47.7,9544.0,236.0,12.13
2025-08-11 05:00:00,43.23,8665.0,217.0,10.56
2025-08-11 06:00:00,44.96,8914.0,219.0,11.44
2025-08-11 07:00:00,43.72,8753.0,221.0,11.09
2025-08-11 08:00:00,42.94,8504.0,217.0,10.35
2025-08-11 09:00:00,41.12,8235.0,203.0,10.19
2025-08-11 10:00:00,36.0,7245.0,178.0,8.33
2025-08-11 11:00:00,40.42,8105.0,203.0,10.72
2025-08-11 12:00:00,33.77,6662.0,163.0,8.36
2025-08-11 13:00:00,31.1,6163.0,162.0,8.04
2025-08-11 14:00:00,29.41,5794.0,139.0,6.73
2025-08-11 15:00:00,30.4,5946.0,152.0,7.61
2025-08-11 16:00:00,20.95,4213.0,105.0,5.84
2025-08-11 17:00:00,22.52,4587.0,111.0,6.07
2025-08-11 18:00:00,25.96,5287.0,135.0,6.11
2025-08-11 19:00:00,26.32,5114.0,130.0,6.82
2025-08-11 20:00:00,23.29,4718.0,114.0,6.09
2025-08-11 21:00:00,29.47,5884.0,149.0,7.69
2025-08-11 22:00:00,26.21,5364.0,126.0,6.42
2025-08-11 23:00:00,28.83,5718.0,139.0,7.61
2025-08-12 00:00:00,38.62,7501.0,187.0,9.66
2025-08-12 01:00:00,43.43,8649.0,219.0,10.66
2025-08-12 02:00:00,43.03,8577.0,212.0,11.29
2025-08-12 03:00:00,47.12,9371.0,229.0,12.06
2025-08-12 04:00:00,47.27,9398.0,232.0,11.38
2025-08-12 05:00:00,50.41,10167.0,249.0,12.97
2025-08-12 06:00:00,47.5,9409.0,233.0,12.02
2025-08-12 07:00:00,51.54,10474.0,250.0,12.72
2025-08-12 08:00:00,52.14,10486.0,261.0,12.15
2025-08-12 09:00:00,46.56,9324.0,233.0,11.18
2025-08-12 10:00:00,42.44,8464.0,211.0,9.8
2025-08-12 11:00:00,40.62,7947.0,198.0,9.58
2025-08-12 12:00:00,40.14,8056.0,191.0,9.59
2025-08-12 13:00:00,35.12,7110.0,166.0,8.54
2025-08-12 14:00:00,34.77,6934.0,170.0,8.69
2025-08-12 15:00:00,30.44,5978.0,152.0,7.05
2025-08-12 16:00:00,27.88,5654.0,140.0,7.09
2025-08-12 17:00:00,26.16,5325.0,127.0,7.33
2025-08-12 18:00:00,31.32,6109.0,159.0,8.37
2025-08-12 19:00:00,33.11,6768.0,158.0,8.74
2025-08-12 20:00:00,35.68,7123.0,177.0,7.98
2025-08-12 21:00:00,33.16,6436.0,156.0,8.66
2025-08-12 22:00:00,36.08,7139.0,183.0,9.14
2025-08-12 23:00:00,36.87,7280.0,178.0,9.71
2025-08-13 00:00:00,43.01,8542.0,224.0,10.4
2025-08-13 01:00:00,46.25,9149.0,228.0,11.25
2025-08-13 02:00:00,47.44,9560.0,236.0,11.66
2025-08-13 03:00:00,49.12,9889.0,240.0,11.76
2025-08-13 04:00:00,46.65,9238.0,237.0,12.27
2025-08-13 05:00:00,50.47,10090.0,245.0,13.32
2025-08-13 06:00:00,48.15,9546.0,237.0,12.59
2025-08-13 07:00:00,50.41,9910.0,253.0,12.79
2025-08-13 08:00:00,49.17,9981.0,244.0,12.27
2025-08-13 09:00:00,49.47,9813.0,245.0,11.29
2025-08-13 10:00:00,44.95,9214.0,225.0,11.35
2025-08-13 11:00:00,44.36,8939.0,221.0,10.82
2025-08-13 12:00:00,42.26,8367.0,208.0,10.12
2025-08-13 13:00:00,34.26,7016.0,169.0,7.25
2025-08-13 14:00:00,33.47,6701.0,173.0,8.11
2025-08-13 15:00:00,28.82,5643.0,141.0,7.22
2025-08-13 16:00:00,30.81,6039.0,156.0,8.12
2025-08-13 17:00:00,29.46,5813.0,148.0,6.76
2025-08-13 18:00:00,27.91,5584.0,149.0,7.3
2025-08-13 19:00:00,33.35,6747.0,171.0,8.62
2025-08-13 20:00:00,33.94,6560.0,166.0,8.67
2025-08-13 21:00:00,33.48,6677.0,168.0,8.99
2025-08-13 22:00:00,34.27,6863.0,163.0,8.27
2025-08-13 23:00:00,36.63,7269.0,182.0,9.29
2025-08-14 00:00:00,38.44,7703.0,196.0,9.66
2025-08-14 01:00:00,42.11,8361.0,210.0,10.89
2025-08-14 02:00:00,40.7,8160.0,208.0,9.23
2025-08-14 03:00:00,44.41,8694.0,223.0,11.38
2025-08-14 04:00:00,43.2,8677.0,223.0,10.54
2025-08-14 05:00:00,44.61,8802.0,225.0,11.56
2025-08-14 06:00:00,46.52,9383.0,228.0,12.3
2025-08-14 07:00:00,46.01,9037.0,233.0,12.2
2025-08-14 08:00:00,48.0,9650.0,235.0,11.17
2025-08-14 09:00:00,42.42,8448.0,214.0,9.61
2025-08-14 10:00:00,39.45,7835.0,194.0,9.5
2025-08-14 11:00:00,37.7,7530.0,183.0,9.94
2025-08-14 12:00:00,36.34,7309.0,177.0,9.28
2025-08-14 13:00:00,33.36,6711.0,164.0,9.2
2025-08-14 14:00:00,32.92,6593.0,172.0,8.03
2025-08-14 15:00:00,31.55,6235.0,152.0,8.46
2025-08-14 16:00:00,29.29,5923.0,142.0,6.94
2025-08-14 17:00:00,25.65,5108.0,128.0,7.01
2025-08-14 18:00:00,25.34,5057.0,127.0,6.4
2025-08-14 19:00:00,26.66,5272.0,137.0,7.03
2025-08-14 20:00:00,29.1,5879.0,149.0,7.11
2025-08-14 21:00:00,30.02,6161.0,156.0,7.65
2025-08-14 22:00:00,33.71,6863.0,174.0,8.1
2025-08-14 23:00:00,33.23,6664.0,164.0,7.62
2025-08-15 00:00:00,31.39,5980.0,164.0,7.49
2025-08-15 01:00:00,37.24,7570.0,185.0,9.01
2025-08-15 02:00:00,37.19,7392.0,187.0,10.16
2025-08-15 03:00:00,38.47,7880.0,188.0,10.14
2025-08-15 04:00:00,43.65,8557.0,212.0,10.59
2025-08-15 05:00:00,45.21,9076.0,225.0,11.27
2025-08-15 06:00:00,43.92,8855.0,218.0,11.27
2025-08-15 07:00:00,41.51,8368.0,207.0,10.71
2025-08-15 08:00:00,40.03,7942.0,206.0,10.03
2025-08-15 09:00:00,39.86,7959.0,204.0,10.22
2025-08-15 10:00:00,43.62,8569.0,217.0,10.91
2025-08-15 11:00:00,34.99,6949.0,173.0,8.73
2025-08-15 12:00:00,36.09,7282.0,193.0,8.41
2025-08-15 13:00:00,29.05,5750.0,143.0,7.83
2025-08-15 14:00:00,28.7,5636.0,140.0,6.66
2025-08-15 15:00:00,24.97,4961.0,120.0,6.75
2025-08-15 16:00:00,24.0,4726.0,107.0,5.03
2025-08-15 17:00:00,23.17,4599.0,119.0,5.89
2025-08-15 18:00:00,22.18,4584.0,106.0,6.2
2025-08-15 19:00:00,23.85,4725.0,119.0,5.63
2025-08-15 20:00:00,22.71,4523.0,108.0,5.84
2025-08-15 21:00:00,26.78,5224.0,131.0,6.56
2025-08-15 22:00:00,27.26,5436.0,136.0,6.82
2025-08-15 23:00:00,28.76,5830.0,142.0,7.22
2025-08-16 00:00:00,29.95,6100.0,157.0,7.34
2025-08-16 01:00:00,37.0,7372.0,191.0,9.03
2025-08-16 02:00:00,33.93,6825.0,171.0,8.17
2025-08-16 03:00:00,36.82,7475.0,186.0,9.31
2025-08-16 04:00:00,38.73,7836.0,198.0,10.21
2025-08-16 05:00:00,42.29,8395.0,215.0,10.79
2025-08-16 06:00:00,38.1,7716.0,187.0,8.85
2025-08-16 07:00:00,37.2,7486.0,178.0,9.56
2025-08-16 08:00:00,37.91,7519.0,183.0,9.39
2025-08-16 09:00:00,37.95,7637.0,195.0,9.2
2025-08-16 10:00:00,31.93,6392.0,161.0,8.67
2025-08-16 11:00:00,31.46,6224.0,157.0,8.07
2025-08-16 12:00:00,31.51,6427.0,151.0,7.76
2025-08-16 13:00:00,29.54,5848.0,147.0,7.21
2025-08-16 14:00:00,23.36,4698.0,116.0,6.41
2025-08-16 15:00:00,22.84,4679.0,114.0,5.78
2025-08-16 16:00:00,23.8,4704.0,123.0,5.3
2025-08-16 17:00:00,21.63,4230.0,116.0,5.69
2025-08-16 18:00:00,21.17,4263.0,112.0,5.79
2025-08-16 19:00:00,24.35,4782.0,133.0,6.63
2025-08-16 20:00:00,17.72,3482.0,98.0,5.41
2025-08-16 21:00:00,23.59,4745.0,110.0,5.37
2025-08-16 22:00:00,26.48,5200.0,131.0,6.25
2025-08-16 23:00:00,30.03,6088.0,154.0,7.25
2025-08-17 00:00:00,31.02,6268.0,163.0,7.91
2025-08-17 01:00:00,35.58,7262.0,180.0,7.84
2025-08-17 02:00:00,34.69,6950.0,182.0,8.29
2025-08-17 03:00:00,39.09,7700.0,199.0,10.0
2025-08-17 04:00:00,37.56,7402.0,191.0,8.79
2025-08-17 05:00:00,40.01,7997.0,195.0,10.06
2025-08-17 06:00:00,41.75,8369.0,209.0,9.89
2025-08-17 07:00:00,40.96,8149.0,209.0,11.01
2025-08-17 08:00:00,38.83,7758.0,188.0,9.36
2025-08-17 09:00:00,39.06,7685.0,197.0,10.23
2025-08-17 10:00:00,37.02,7474.0,189.0,8.77
2025-08-17 11:00:00,36.41,7301.0,179.0,8.7
2025-08-17 12:00:00,33.62,6698.0,165.0,8.54
2025-08-17 13:00:00,29.69,5969.0,154.0,7.43
2025-08-17 14:00:00,24.99,5032.0,124.0,7.17
2025-08-17 15:00:00,22.67,4551.0,107.0,5.21
2025-08-17 16:00:00,22.62,4603.0,114.0,5.82
2025-08-17 17:00:00,21.8,4380.0,111.0,5.51
2025-08-17 18:00:00,21.41,4279.0,105.0,4.95
2025-08-17 19:00:00,21.89,4340.0,110.0,5.32
2025-08-17 20:00:00,21.63,4316.0,103.0,5.21
2025-08-17 21:00:00,24.98,4984.0,122.0,7.3
2025-08-17 22:00:00,26.92,5449.0,131.0,7.03
2025-08-17 23:00:00,30.42,6174.0,153.0,7.11
2025-08-18 00:00:00,35.7,7131.0,184.0,8.44
2025-08-18 01:00:00,38.88,7797.0,191.0,9.29
2025-08-18 02:00:00,44.42,8813.0,223.0,10.44
2025-08-18 03:00:00,43.13,8536.0,218.0,10.72
2025-08-18 04:00:00,42.86,8718.0,213.0,10.88
2025-08-18 05:00:00,44.78,9129.0,231.0,12.0
2025-08-18 06:00:00,46.78,9419.0,231.0,11.79
2025-08-18 07:00:00,45.69,9241.0,240.0,10.96
2025-08-18 08:00:00,44.65,9064.0,230.0,11.2
2025-08-18 09:00:00,39.22,7947.0,200.0,10.52
2025-08-18 10:00:00,42.13,8481.0,204.0,9.76
2025-08-18 11:00:00,34.47,6746.0,163.0,8.2
2025-08-18 12:00:00,36.49,7365.0,177.0,7.51
2025-08-18 13:00:00,33.71,6805.0,170.0,7.74
2025-08-18 14:00:00,30.51,5989.0,158.0,8.24
2025-08-18 15:00:00,30.43,6103.0,149.0,7.48
2025-08-18 16:00:00,25.17,4986.0,128.0,6.74
2025-08-18 17:00:00,28.85,5645.0,146.0,7.04
2025-08-18 18:00:00,25.06,5250.0,123.0,6.29
2025-08-18 19:00:00,26.61,5397.0,131.0,6.64
2025-08-18 20:00:00,24.95,5027.0,134.0,5.78
2025-08-18 21:00:00,28.49,5891.0,146.0,6.75
2025-08-18 22:00:00,28.58,5678.0,142.0,6.71
2025-08-18 23:00:00,31.58,6315.0,166.0,7.8
2025-08-19 00:00:00,38.24,7674.0,191.0,9.62
2025-08-19 01:00:00,40.74,8364.0,196.0,10.23
2025-08-19 02:00:00,46.67,9439.0,226.0,11.38
2025-08-19 03:00:00,43.94,8717.0,219.0,10.38
2025-08-19 04:00:00,46.46,9306.0,224.0,11.48
2025-08-19 05:00:00,50.35,10171.0,250.0,13.32
2025-08-19 06:00:00,47.87,9570.0,240.0,11.58
2025-08-19 07:00:00,50.4,10036.0,258.0,12.03
2025-08-19 08:00:00,48.3,9610.0,239.0,12.21
2025-08-19 09:00:00,48.49,9507.0,244.0,11.97
2025-08-19 10:00:00,42.45,8480.0,205.0,10.61
2025-08-19 11:00:00,42.18,8349.0,220.0,10.71
2025-08-19 12:00:00,39.67,8123.0,193.0,10.07
2025-08-19 13:00:00,35.16,7183.0,174.0,7.53
2025-08-19 14:00:00,32.9,6653.0,161.0,9.05
2025-08-19 15:00:00,32.27,6564.0,168.0,7.69
2025-08-19 16:00:00,29.24,5810.0,150.0,7.6
2025-08-19 17:00:00,28.07,5599.0,141.0,6.73
2025-08-19 18:00:00,29.44,5934.0,145.0,7.52
2025-08-19 19:00:00,29.33,5935.0,152.0,7.8
2025-08-19 20:00:00,34.94,6996.0,173.0,9.56
2025-08-19 21:00:00,29.11,5684.0,146.0,7.39
2025-08-19 22:00:00,33.63,6769.0,169.0,9.12
2025-08-19 23:00:00,36.08,7244.0,175.0,8.1
2025-08-20 00:00:00,38.35,7566.0,194.0,9.76
2025-08-20 01:00:00,45.73,9190.0,231.0,11.49
2025-08-20 02:00:00,47.33,9367.0,234.0,11.85
2025-08-20 03:00:00,47.62,9606.0,235.0,11.51
2025-08-20 04:00:00,48.41,9781.0,243.0,12.29
2025-08-20 05:00:00,47.16,9589.0,235.0,12.05
2025-08-20 06:00:00,50.76,9955.0,255.0,12.79
2025-08-20 07:00:00,49.07,9865.0,245.0,11.93
2025-08-20 08:00:00,48.39,9739.0,236.0,11.12
2025-08-20 09:00:00,47.14,9471.0,238.0,11.89
2025-08-20 10:00:00,44.84,9116.0,225.0,10.54
2025-08-20 11:00:00,46.79,9416.0,236.0,11.27
2025-08-20 12:00:00,36.74,7475.0,185.0,9.4
2025-08-20 13:00:00,38.26,7645.0,186.0,8.78
2025-08-20 14:00:00,37.09,7586.0,192.0,8.72
2025-08-20 15:00:00,32.1,6453.0,152.0,7.85
2025-08-20 16:00:00,31.69,6364.0,159.0,8.05
2025-08-20 17:00:00,30.99,6006.0,162.0,7.94
2025-08-20 18:00:00,27.07,5251.0,134.0,7.3
2025-08-20 19:00:00,30.1,6002.0,148.0,7.23
2025-08-20 20:00:00,32.11,6497.0,165.0,6.86
2025-08-20 21:00:00,33.52,6624.0,169.0,8.44
2025-08-20 22:00:00,35.98,7137.0,179.0,9.11
2025-08-20 23:00:00,35.76,7054.0,181.0,9.59
2025-08-21 00:00:00,38.95,7726.0,197.0,9.62
2025-08-21 01:00:00,42.82,8392.0,212.0,10.73
2025-08-21 02:00:00,40.51,8067.0,197.0,9.93
2025-08-21 03:00:00,43.92,8738.0,214.0,11.52
2025-08-21 04:00:00,41.78,8362.0,209.0,10.35
2025-08-21 05:00:00,42.76,8771.0,209.0,10.27
2025-08-21 06:00:00,48.88,9722.0,250.0,12.1
2025-08-21 07:00:00,45.12,9000.0,233.0,11.45
2025-08-21 08:00:00,44.9,8907.0,225.0,10.98
2025-08-21 09:00:00,44.6,8758.0,224.0,10.44
2025-08-21 10:00:00,44.27,8886.0,225.0,10.89
2025-08-21 11:00:00,39.21,7794.0,188.0,9.92
2025-08-21 12:00:00,36.78,7273.0,184.0,9.68
2025-08-21 13:00:00,35.1,7009.0,172.0,8.15
2025-08-21 14:00:00,33.11,6750.0,171.0,8.63
2025-08-21 15:00:00,30.05,5969.0,144.0,8.23
2025-08-21 16:00:00,27.54,5484.0,138.0,6.62
2025-08-21 17:00:00,27.25,5349.0,132.0,7.21
2025-08-21 18:00:00,28.8,5701.0,144.0,7.79
2025-08-21 19:00:00,27.86,5600.0,142.0,7.91
2025-08-21 20:00:00,29.33,5830.0,139.0,7.61
2025-08-21 21:00:00,30.51,6023.0,156.0,7.0
2025-08-21 22:00:00,29.14,5805.0,152.0,7.26
2025-08-21 23:00:00,34.1,6718.0,166.0,9.02
2025-08-22 00:00:00,37.51,7452.0,197.0,10.14
2025-08-22 01:00:00,36.28,7342.0,182.0,9.3
2025-08-22 02:00:00,36.38,7454.0,181.0,9.91
2025-08-22 03:00:00,41.06,8173.0,207.0,10.71
2025-08-22 04:00:00,39.56,7848.0,205.0,9.26
2025-08-22 05:00:00,40.02,7896.0,203.0,10.33
2025-08-22 06:00:00,43.98,8656.0,219.0,11.5
2025-08-22 07:00:00,41.47,8366.0,217.0,10.26
2025-08-22 08:00:00,41.87,8492.0,206.0,10.33
2025-08-22 09:00:00,37.59,7573.0,194.0,10.98
2025-08-22 10:00:00,39.43,8016.0,188.0,10.07
2025-08-22 11:00:00,36.15,7153.0,178.0,8.26
2025-08-22 12:00:00,30.19,6034.0,158.0,7.78
2025-08-22 13:00:00,30.22,6048.0,156.0,6.92
2025-08-22 14:00:00,30.23,6009.0,153.0,6.99
2025-08-22 15:00:00,24.22,5126.0,124.0,5.84
2025-08-22 16:00:00,25.25,5100.0,133.0,7.13
2025-08-22 17:00:00,21.52,4358.0,110.0,5.22
2025-08-22 18:00:00,22.18,4347.0,116.0,5.77
2025-08-22 19:00:00,23.33,4481.0,111.0,6.93
2025-08-22 20:00:00,24.13,4865.0,116.0,6.23
2025-08-22 21:00:00,26.48,5401.0,123.0,7.42
2025-08-22 22:00:00,26.33,5286.0,133.0,5.78
2025-08-22 23:00:00,27.51,5384.0,137.0,6.35
2025-08-23 00:00:00,33.42,6595.0,172.0,8.96
2025-08-23 01:00:00,29.19,5702.0,147.0,7.75
2025-08-23 02:00:00,34.88,7014.0,169.0,8.35
2025-08-23 03:00:00,41.34,8108.0,207.0,9.7
2025-08-23 04:00:00,40.49,8134.0,207.0,10.39
2025-08-23 05:00:00,37.57,7625.0,194.0,9.55
2025-08-23 06:00:00,44.9,9081.0,230.0,11.19
2025-08-23 07:00:00,38.92,7958.0,187.0,8.6
2025-08-23 08:00:00,37.44,7586.0,183.0,9.91
2025-08-23 09:00:00,37.12,7440.0,183.0,9.14
2025-08-23 10:00:00,35.2,7031.0,181.0,9.51
2025-08-23 11:00:00,31.26,6198.0,163.0,7.64
2025-08-23 12:00:00,29.67,5971.0,159.0,6.35
2025-08-23 13:00:00,29.77,6002.0,143.0,7.29
2025-08-23 14:00:00,27.68,5504.0,128.0,7.05
2025-08-23 15:00:00,24.76,4775.0,124.0,5.96
2025-08-23 16:00:00,24.02,4722.0,131.0,5.65
2025-08-23 17:00:00,20.85,4070.0,102.0,4.11
2025-08-23 18:00:00,21.13,4018.0,111.0,5.37
2025-08-23 19:00:00,18.28,3691.0,86.0,4.64
2025-08-23 20:00:00,23.72,4623.0,116.0,6.03
2025-08-23 21:00:00,23.45,4640.0,113.0,6.22
2025-08-23 22:00:00,26.43,5235.0,128.0,6.58
2025-08-23 23:00:00,26.69,5242.0,129.0,6.93
2025-08-24 00:00:00,35.56,7172.0,173.0,9.41
2025-08-24 01:00:00,31.08,6177.0,155.0,7.58
2025-08-24 02:00:00,34.22,6774.0,172.0,8.31
2025-08-24 03:00:00,36.88,7206.0,186.0,9.17
2025-08-24 04:00:00,38.57,7656.0,182.0,10.03
2025-08-24 05:00:00,37.67,7498.0,191.0,10.06
2025-08-24 06:00:00,40.45,8139.0,205.0,9.92
2025-08-24 07:00:00,41.21,8258.0,207.0,9.72
2025-08-24 08:00:00,40.39,7917.0,206.0,9.84
2025-08-24 09:00:00,39.36,7814.0,191.0,10.09
2025-08-24 10:00:00,36.98,7506.0,185.0,9.26
2025-08-24 11:00:00,35.13,6838.0,170.0,9.25
2025-08-24 12:00:00,30.13,6102.0,150.0,7.76
2025-08-24 13:00:00,32.0,6441.0,158.0,8.42
2025-08-24 14:00:00,27.84,5713.0,144.0,7.16
2025-08-24 15:00:00,23.03,4481.0,119.0,5.61
2025-08-24 16:00:00,21.13,4239.0,111.0,5.55
2025-08-24 17:00:00,27.62,5337.0,134.0,7.44
2025-08-24 18:00:00,22.47,4473.0,112.0,6.83
2025-08-24 19:00:00,22.59,4638.0,111.0,5.0
2025-08-24 20:00:00,21.73,4343.0,101.0,5.65
2025-08-24 21:00:00,26.24,5277.0,116.0,7.11
2025-08-24 22:00:00,27.36,5434.0,143.0,6.41
2025-08-24 23:00:00,23.93,4846.0,122.0,5.58
2025-08-25 00:00:00,32.92,6639.0,166.0,8.11
2025-08-25 01:00:00,35.46,7228.0,179.0,8.84
2025-08-25 02:00:00,40.43,8224.0,202.0,9.61
2025-08-25 03:00:00,38.36,7716.0,185.0,10.88
2025-08-25 04:00:00,45.67,9242.0,227.0,10.69
2025-08-25 05:00:00,42.74,8468.0,208.0,11.39
2025-08-25 06:00:00,47.78,9581.0,243.0,11.35
2025-08-25 07:00:00,42.33,8498.0,219.0,10.71
2025-08-25 08:00:00,42.31,8468.0,219.0,10.73
2025-08-25 09:00:00,40.63,8086.0,203.0,9.96
2025-08-25 10:00:00,42.45,8653.0,216.0,9.54
2025-08-25 11:00:00,36.88,7348.0,185.0,9.13
2025-08-25 12:00:00,31.7,6239.0,156.0,8.55
2025-08-25 13:00:00,32.96,6538.0,160.0,6.86
2025-08-25 14:00:00,29.53,5824.0,156.0,8.25
2025-08-25 15:00:00,27.94,5516.0,136.0,6.94
2025-08-25 16:00:00,26.79,5508.0,130.0,7.06
2025-08-25 17:00:00,26.86,5134.0,139.0,6.36
2025-08-25 18:00:00,25.14,4880.0,120.0,6.49
2025-08-25 19:00:00,27.27,5397.0,136.0,6.82
2025-08-25 20:00:00,24.68,4986.0,121.0,6.55
2025-08-25 21:00:00,29.08,5789.0,135.0,7.75
2025-08-25 22:00:00,28.9,5637.0,143.0,7.55
2025-08-25 23:00:00,32.71,6441.0,162.0,8.18
2025-08-26 00:00:00,36.0,7176.0,184.0,8.72
2025-08-26 01:00:00,41.71,8390.0,199.0,10.06
2025-08-26 02:00:00,44.67,8876.0,224.0,11.09
2025-08-26 03:00:00,44.55,8855.0,232.0,10.91
2025-08-26 04:00:00,48.46,9604.0,245.0,11.59
2025-08-26 05:00:00,50.2,9959.0,252.0,11.87
2025-08-26 06:00:00,51.54,10189.0,252.0,12.94
2025-08-26 07:00:00,47.28,9512.0,228.0,12.18
2025-08-26 08:00:00,45.55,9023.0,229.0,11.01
2025-08-26 09:00:00,46.42,9233.0,238.0,11.88
2025-08-26 10:00:00,45.13,8966.0,225.0,10.35
2025-08-26 11:00:00,43.87,8812.0,212.0,11.36
2025-08-26 12:00:00,38.98,7899.0,191.0,9.87
2025-08-26 13:00:00,37.49,7626.0,187.0,9.1
2025-08-26 14:00:00,33.38,6738.0,168.0,6.95
2025-08-26 15:00:00,33.84,6783.0,164.0,8.92
2025-08-26 16:00:00,28.35,5803.0,140.0,8.15
2025-08-26 17:00:00,29.6,5971.0,148.0,6.97
2025-08-26 18:00:00,28.17,5580.0,149.0,6.88
2025-08-26 19:00:00,29.1,5664.0,139.0,6.22
2025-08-26 20:00:00,30.48,6075.0,151.0,7.65
2025-08-26 21:00:00,30.57,6130.0,153.0,8.26
2025-08-26 22:00:00,33.66,6786.0,172.0,8.89
2025-08-26 23:00:00,36.16,7346.0,193.0,8.36
2025-08-27 00:00:00,39.23,7789.0,204.0,9.84
2025-08-27 01:00:00,40.76,8188.0,206.0,10.34
2025-08-27 02:00:00,46.03,9218.0,237.0,12.62
2025-08-27 03:00:00,46.07,9319.0,234.0,10.87
2025-08-27 04:00:00,46.0,9357.0,224.0,12.76
2025-08-27 05:00:00,49.62,9610.0,255.0,13.32
2025-08-27 06:00:00,51.04,10213.0,259.0,13.26
2025-08-27 07:00:00,48.55,9737.0,240.0,12.44
2025-08-27 08:00:00,46.01,9023.0,234.0,12.0
2025-08-27 09:00:00,46.36,9213.0,226.0,12.22
2025-08-27 10:00:00,43.33,8643.0,209.0,11.24
2025-08-27 11:00:00,44.38,8825.0,220.0,11.05
2025-08-27 12:00:00,42.29,8606.0,202.0,10.57
2025-08-27 13:00:00,37.7,7515.0,195.0,10.08
2025-08-27 14:00:00,31.64,6239.0,160.0,7.85
2025-08-27 15:00:00,30.0,5782.0,155.0,8.15
2025-08-27 16:00:00,30.42,6112.0,148.0,7.77
2025-08-27 17:00:00,30.68,6020.0,155.0,7.53
2025-08-27 18:00:00,32.51,6443.0,160.0,8.19
2025-08-27 19:00:00,28.33,5735.0,143.0,6.83
2025-08-27 20:00:00,28.49,5527.0,144.0,6.74
2025-08-27 21:00:00,30.57,6182.0,144.0,7.85
2025-08-27 22:00:00,36.23,7202.0,183.0,8.47
2025-08-27 23:00:00,35.03,7173.0,167.0,8.89
2025-08-28 00:00:00,36.88,7459.0,180.0,9.28
2025-08-28 01:00:00,38.3,7691.0,185.0,9.99
2025-08-28 02:00:00,44.36,8822.0,217.0,11.22
2025-08-28 03:00:00,44.1,8817.0,221.0,10.93
2025-08-28 04:00:00,46.35,9195.0,232.0,13.11
2025-08-28 05:00:00,44.57,9088.0,222.0,11.27
2025-08-28 06:00:00,46.83,9298.0,232.0,11.7
2025-08-28 07:00:00,46.41,9242.0,238.0,10.64
2025-08-28 08:00:00,47.13,9491.0,230.0,11.67
2025-08-28 09:00:00,44.21,8914.0,227.0,10.34
2025-08-28 10:00:00,40.3,7993.0,205.0,10.3
2025-08-28 11:00:00,40.01,7894.0,203.0,10.05
2025-08-28 12:00:00,37.28,7606.0,182.0,9.14
2025-08-28 13:00:00,36.9,7441.0,183.0,8.79
2025-08-28 14:00:00,33.96,6723.0,170.0,8.38
2025-08-28 15:00:00,28.63,5743.0,147.0,6.65
2025-08-28 16:00:00,25.83,5356.0,134.0,6.52
2025-08-28 17:00:00,28.13,5490.0,136.0,7.82
2025-08-28 18:00:00,25.83,5038.0,133.0,6.3
2025-08-28 19:00:00,27.7,5602.0,137.0,6.95
2025-08-28 20:00:00,27.55,5528.0,135.0,6.44
2025-08-28 21:00:00,28.38,5589.0,144.0,6.94
2025-08-28 22:00:00,31.46,6195.0,159.0,7.9
2025-08-28 23:00:00,31.61,6315.0,166.0,7.09
2025-08-29 00:00:00,35.23,6879.0,179.0,8.38
2025-08-29 01:00:00,36.44,7388.0,181.0,9.54
2025-08-29 02:00:00,38.97,7708.0,192.0,9.42
2025-08-29 03:00:00,39.23,7588.0,196.0,10.82
2025-08-29 04:00:00,43.5,8869.0,218.0,11.41
2025-08-29 05:00:00,43.95,8738.0,218.0,10.23
2025-08-29 06:00:00,41.53,8443.0,199.0,10.73
2025-08-29 07:00:00,45.48,9088.0,226.0,10.6
2025-08-29 08:00:00,43.93,8904.0,218.0,10.91
2025-08-29 09:00:00,37.17,7570.0,196.0,9.79
2025-08-29 10:00:00,38.27,7743.0,189.0,9.99
2025-08-29 11:00:00,34.73,6906.0,173.0,8.23
2025-08-29 12:00:00,32.34,6297.0,170.0,7.97
2025-08-29 13:00:00,31.39,6206.0,145.0,7.55
2025-08-29 14:00:00,26.46,5144.0,128.0,6.69
2025-08-29 15:00:00,25.72,5098.0,119.0,6.91
2025-08-29 16:00:00,22.63,4516.0,108.0,4.74
2025-08-29 17:00:00,22.37,4448.0,109.0,5.41
2025-08-29 18:00:00,21.1,4056.0,97.0,5.15
2025-08-29 19:00:00,23.08,4757.0,111.0,5.12
2025-08-29 20:00:00,25.03,5046.0,128.0,6.4
2025-08-29 21:00:00,26.55,5318.0,126.0,6.49
2025-08-29 22:00:00,28.94,5656.0,144.0,7.43
2025-08-29 23:00:00,33.91,6834.0,173.0,8.68
2025-08-30 00:00:00,26.08,5073.0,141.0,7.21
2025-08-30 01:00:00,33.12,6624.0,163.0,8.22
2025-08-30 02:00:00,36.07,7198.0,178.0,8.47
2025-08-30 03:00:00,37.2,7542.0,184.0,9.3
2025-08-30 04:00:00,35.46,7253.0,173.0,8.66
2025-08-30 05:00:00,39.55,7895.0,189.0,10.39
2025-08-30 06:00:00,40.93,8136.0,208.0,10.01
2025-08-30 07:00:00,40.92,8097.0,206.0,9.69
2025-08-30 08:00:00,38.63,7885.0,189.0,9.4
2025-08-30 09:00:00,35.9,7044.0,181.0,8.89
2025-08-30 10:00:00,37.93,7685.0,188.0,10.01
2025-08-30 11:00:00,33.36,6667.0,163.0,8.29
2025-08-30 12:00:00,25.15,5040.0,117.0,5.95
2025-08-30 13:00:00,26.37,5418.0,130.0,7.03
2025-08-30 14:00:00,26.73,5299.0,138.0,6.28
2025-08-30 15:00:00,22.86,4573.0,112.0,6.74
2025-08-30 16:00:00,20.85,4014.0,105.0,4.3
2025-08-30 17:00:00,19.1,3893.0,98.0,5.38
2025-08-30 18:00:00,18.17,3639.0,91.0,4.99
2025-08-30 19:00:00,20.24,4221.0,100.0,5.36
2025-08-30 20:00:00,21.35,4323.0,114.0,5.98
2025-08-30 21:00:00,23.44,4634.0,123.0,6.61
2025-08-30 22:00:00,24.64,4987.0,123.0,6.65
2025-08-30 23:00:00,28.09,5649.0,143.0,7.43
2025-08-31 00:00:00,30.65,6118.0,149.0,7.53
2025-08-31 01:00:00,33.3,6658.0,167.0,7.82
2025-08-31 02:00:00,38.76,7657.0,193.0,9.7
2025-08-31 03:00:00,34.1,6778.0,168.0,8.52
2025-08-31 04:00:00,39.7,7948.0,204.0,9.53
2025-08-31 05:00:00,42.29,8304.0,210.0,10.97
2025-08-31 06:00:00,44.47,8940.0,226.0,10.73
2025-08-31 07:00:00,39.44,7708.0,204.0,10.48
2025-08-31 08:00:00,39.84,8026.0,180.0,9.73
2025-08-31 09:00:00,37.2,7372.0,183.0,9.61
2025-08-31 10:00:00,37.54,7461.0,187.0,10.32
2025-08-31 11:00:00,34.53,7025.0,174.0,7.98
2025-08-31 12:00:00,32.62,6434.0,165.0,7.39
2025-08-31 13:00:00,27.85,5704.0,131.0,7.84
2025-08-31 14:00:00,27.48,5477.0,132.0,7.29
2025-08-31 15:00:00,24.66,5055.0,120.0,6.38
2025-08-31 16:00:00,20.6,4109.0,103.0,5.27
2025-08-31 17:00:00,20.85,4224.0,98.0,5.9
2025-08-31 18:00:00,21.88,4362.0,116.0,5.5
2025-08-31 19:00:00,20.77,4073.0,111.0,5.13
2025-08-31 20:00:00,21.68,4356.0,117.0,5.31
2025-08-31 21:00:00,25.38,4964.0,135.0,6.25
2025-08-31 22:00:00,25.82,5194.0,128.0,6.75
2025-08-31 23:00:00,30.14,5929.0,150.0,8.26
2025-09-01 00:00:00,34.52,7098.0,177.0,9.11
2025-09-01 01:00:00,35.44,7159.0,179.0,8.26
2025-09-01 02:00:00,36.87,7377.0,186.0,9.37
2025-09-01 03:00:00,39.07,7811.0,190.0,10.31
2025-09-01 04:00:00,43.97,8729.0,223.0,11.06
2025-09-01 05:00:00,42.59,8511.0,217.0,11.19
2025-09-01 06:00:00,45.78,9219.0,235.0,11.21
2025-09-01 07:00:00,46.07,9186.0,237.0,11.38
2025-09-01 08:00:00,45.41,9042.0,228.0,11.25
2025-09-01 09:00:00,42.62,8467.0,213.0,9.77
2025-09-01 10:00:00,38.55,7888.0,187.0,9.02
2025-09-01 11:00:00,37.16,7499.0,181.0,9.19
2025-09-01 12:00:00,36.87,7371.0,184.0,8.39
2025-09-01 13:00:00,32.56,6548.0,158.0,7.19
2025-09-01 14:00:00,31.37,6199.0,161.0,7.79
2025-09-01 15:00:00,29.23,6019.0,150.0,7.52
2025-09-01 16:00:00,28.26,5779.0,151.0,7.02
2025-09-01 17:00:00,26.99,5426.0,132.0,7.18
2025-09-01 18:00:00,24.1,5065.0,118.0,5.79
2025-09-01 19:00:00,28.42,5726.0,140.0,7.25
2025-09-01 20:00:00,27.18,5475.0,138.0,6.31
2025-09-01 21:00:00,26.63,5423.0,135.0,6.35
2025-09-01 22:00:00,31.06,6285.0,150.0,7.65
2025-09-01 23:00:00,35.21,7161.0,174.0,8.61
2025-09-02 00:00:00,42.49,8290.0,218.0,10.6
2025-09-02 01:00:00,48.36,9655.0,229.0,11.99
2025-09-02 02:00:00,44.57,8978.0,229.0,10.68
2025-09-02 03:00:00,49.59,9789.0,249.0,12.48
2025-09-02 04:00:00,48.65,9838.0,237.0,12.32
2025-09-02 05:00:00,50.1,10093.0,259.0,12.88
2025-09-02 06:00:00,47.31,9498.0,231.0,12.72
2025-09-02 07:00:00,48.84,9648.0,237.0,12.5
2025-09-02 08:00:00,46.9,9335.0,235.0,10.9
2025-09-02 09:00:00,48.93,9884.0,242.0,13.33
2025-09-02 10:00:00,42.28,8600.0,209.0,10.08
2025-09-02 11:00:00,42.41,8546.0,210.0,10.36
2025-09-02 12:00:00,36.31,7286.0,171.0,8.35
2025-09-02 13:00:00,34.05,6757.0,176.0,8.81
2025-09-02 14:00:00,34.2,6938.0,187.0,8.99
2025-09-02 15:00:00,34.12,6878.0,163.0,9.22
2025-09-02 16:00:00,28.49,5797.0,150.0,7.12
2025-09-02 17:00:00,27.78,5651.0,144.0,7.72
2025-09-02 18:00:00,25.46,5057.0,114.0,6.28
2025-09-02 19:00:00,31.43,6249.0,152.0,7.48
2025-09-02 20:00:00,31.69,6273.0,162.0,8.3
2025-09-02 21:00:00,32.52,6672.0,161.0,8.25
2025-09-02 22:00:00,30.13,5908.0,158.0,7.77
2025-09-02 23:00:00,38.31,7581.0,194.0,8.09
2025-09-03 00:00:00,39.31,7824.0,195.0,10.73
2025-09-03 01:00:00,42.45,8281.0,199.0,9.73
2025-09-03 02:00:00,46.23,9122.0,236.0,11.39
2025-09-03 03:00:00,42.0,8400.0,217.0,10.68
2025-09-03 04:00:00,48.6,9650.0,245.0,12.7
2025-09-03 05:00:00,47.37,9696.0,231.0,11.69
2025-09-03 06:00:00,48.15,9547.0,242.0,13.11
2025-09-03 07:00:00,47.05,9415.0,230.0,11.72
2025-09-03 08:00:00,44.37,8912.0,224.0,10.82
2025-09-03 09:00:00,46.42,9206.0,238.0,11.65
2025-09-03 10:00:00,47.92,9606.0,233.0,11.16
2025-09-03 11:00:00,43.83,8587.0,216.0,11.05
2025-09-03 12:00:00,39.67,7925.0,198.0,9.98
2025-09-03 13:00:00,34.34,6754.0,170.0,8.28
2025-09-03 14:00:00,34.76,6845.0,167.0,8.07
2025-09-03 15:00:00,29.24,6003.0,163.0,7.49
2025-09-03 16:00:00,33.82,6777.0,171.0,8.49
2025-09-03 17:00:00,33.17,6590.0,166.0,8.27
2025-09-03 18:00:00,31.21,6353.0,149.0,8.13
2025-09-03 19:00:00,27.98,5706.0,145.0,6.4
2025-09-03 20:00:00,32.25,6333.0,163.0,7.47
2025-09-03 21:00:00,34.02,6875.0,171.0,8.83
2025-09-03 22:00:00,35.52,7297.0,181.0,9.59
2025-09-03 23:00:00,36.55,7450.0,172.0,8.31
2025-09-04 00:00:00,37.3,7462.0,188.0,9.42
2025-09-04 01:00:00,38.19,7582.0,184.0,10.42
2025-09-04 02:00:00,38.59,7788.0,192.0,9.2
2025-09-04 03:00:00,43.0,8612.0,214.0,10.95
2025-09-04 04:00:00,43.16,8503.0,223.0,11.06
2025-09-04 05:00:00,47.61,9573.0,242.0,12.15
2025-09-04 06:00:00,44.85,8951.0,220.0,11.35
2025-09-04 07:00:00,46.88,9300.0,235.0,11.7
2025-09-04 08:00:00,47.95,9674.0,240.0,12.48
2025-09-04 09:00:00,43.26,8602.0,216.0,10.87
2025-09-04 10:00:00,41.95,8349.0,205.0,10.9
2025-09-04 11:00:00,35.93,7157.0,188.0,10.12
2025-09-04 12:00:00,39.29,7697.0,202.0,10.18
2025-09-04 13:00:00,36.17,7135.0,177.0,8.73
2025-09-04 14:00:00,31.87,6215.0,157.0,7.09
2025-09-04 15:00:00,30.0,6029.0,148.0,6.8
2025-09-04 16:00:00,28.57,5714.0,142.0,7.67
2025-09-04 17:00:00,27.29,5491.0,136.0,6.48
2025-09-04 18:00:00,25.43,4964.0,119.0,5.47
2025-09-04 19:00:00,27.47,5512.0,137.0,6.89
2025-09-04 20:00:00,31.52,6244.0,163.0,6.91
2025-09-04 21:00:00,29.46,5767.0,148.0,7.93
2025-09-04 22:00:00,33.17,6658.0,163.0,8.86
2025-09-04 23:00:00,35.22,7203.0,172.0,8.55
2025-09-05 00:00:00,32.63,6618.0,160.0,8.73
2025-09-05 01:00:00,37.1,7403.0,188.0,9.56
2025-09-05 02:00:00,38.96,7855.0,201.0,10.35
2025-09-05 03:00:00,37.13,7307.0,183.0,8.44
2025-09-05 04:00:00,38.34,7526.0,188.0,9.31
2025-09-05 05:00:00,42.24,8518.0,213.0,10.66
2025-09-05 06:00:00,43.95,8876.0,224.0,10.69
2025-09-05 07:00:00,43.25,8722.0,221.0,10.07
2025-09-05 08:00:00,38.15,7733.0,186.0,8.85
2025-09-05 09:00:00,37.31,7387.0,195.0,9.99
2025-09-05 10:00:00,39.87,8018.0,200.0,10.04
2025-09-05 11:00:00,35.54,7186.0,178.0,8.17
2025-09-05 12:00:00,32.2,6467.0,161.0,7.48
2025-09-05 13:00:00,32.9,6661.0,170.0,8.06
2025-09-05 14:00:00,27.05,5286.0,142.0,7.6
2025-09-05 15:00:00,24.0,4865.0,123.0,5.69
2025-09-05 16:00:00,25.64,5179.0,125.0,6.47
2025-09-05 17:00:00,23.04,4648.0,119.0,5.97
2025-09-05 18:00:00,24.5,4960.0,129.0,6.04
2025-09-05 19:00:00,27.07,5386.0,132.0,7.3
2025-09-05 20:00:00,20.06,3805.0,94.0,4.81
2025-09-05 21:00:00,24.65,4936.0,117.0,5.83
2025-09-05 22:00:00,27.68,5478.0,137.0,7.04
2025-09-05 23:00:00,27.44,5521.0,140.0,6.98
2025-09-06 00:00:00,31.35,6330.0,162.0,7.91
2025-09-06 01:00:00,30.59,5923.0,149.0,7.54
2025-09-06 02:00:00,37.67,7687.0,186.0,10.39
2025-09-06 03:00:00,36.47,7319.0,186.0,9.1
2025-09-06 04:00:00,38.58,7626.0,193.0,9.04
2025-09-06 05:00:00,42.69,8500.0,218.0,10.78
2025-09-06 06:00:00,38.61,7743.0,187.0,9.62
2025-09-06 07:00:00,36.16,7334.0,181.0,8.89
2025-09-06 08:00:00,40.27,8099.0,196.0,9.94
2025-09-06 09:00:00,38.89,7659.0,196.0,11.36
2025-09-06 10:00:00,36.18,7312.0,176.0,9.09
2025-09-06 11:00:00,35.2,7237.0,183.0,9.4
2025-09-06 12:00:00,32.09,6448.0,157.0,7.54
2025-09-06 13:00:00,25.91,5045.0,130.0,6.5
2025-09-06 14:00:00,24.34,4723.0,118.0,6.07
2025-09-06 15:00:00,21.34,4049.0,112.0,5.34
2025-09-06 16:00:00,21.5,4272.0,106.0,4.94
2025-09-06 17:00:00,20.39,4199.0,94.0,5.25
2025-09-06 18:00:00,18.4,3533.0,96.0,4.15
2025-09-06 19:00:00,19.18,3744.0,92.0,3.63
2025-09-06 20:00:00,19.99,3972.0,98.0,4.35
2025-09-06 21:00:00,21.19,4377.0,98.0,4.71
2025-09-06 22:00:00,26.99,5535.0,128.0,6.9
2025-09-06 23:00:00,29.29,5813.0,147.0,7.18
2025-09-07 00:00:00,29.59,5964.0,148.0,7.82
2025-09-07 01:00:00,38.29,7564.0,190.0,9.51
2025-09-07 02:00:00,35.44,7134.0,172.0,9.06
2025-09-07 03:00:00,40.01,8102.0,205.0,10.46
2025-09-07 04:00:00,39.54,8047.0,199.0,10.28
2025-09-07 05:00:00,37.04,7436.0,185.0,9.3
2025-09-07 06:00:00,40.79,8068.0,206.0,9.75
2025-09-07 07:00:00,40.18,8086.0,207.0,9.82
2025-09-07 08:00:00,39.67,7930.0,199.0,9.51
2025-09-07 09:00:00,35.06,6959.0,174.0,9.14
2025-09-07 10:00:00,38.02,7554.0,178.0,10.14
2025-09-07 11:00:00,30.31,6141.0,150.0,7.09
2025-09-07 12:00:00,31.67,6147.0,154.0,7.5
2025-09-07 13:00:00,29.65,5707.0,148.0,7.7
2025-09-07 14:00:00,24.37,4788.0,118.0,6.54
2025-09-07 15:00:00,20.92,4111.0,115.0,5.59
2025-09-07 16:00:00,22.69,4534.0,105.0,5.72
2025-09-07 17:00:00,20.44,4049.0,100.0,5.13
2025-09-07 18:00:00,21.29,4167.0,106.0,4.92
2025-09-07 19:00:00,22.82,4568.0,119.0,5.0
2025-09-07 20:00:00,22.46,4562.0,120.0,5.08
2025-09-07 21:00:00,22.25,4660.0,114.0,5.75
2025-09-07 22:00:00,23.62,4688.0,115.0,6.32
2025-09-07 23:00:00,30.13,6040.0,153.0,7.27
2025-09-08 00:00:00,37.72,7705.0,190.0,9.7
2025-09-08 01:00:00,40.98,8379.0,201.0,9.99
2025-09-08 02:00:00,40.95,8269.0,209.0,10.72
2025-09-08 03:00:00,40.84,8136.0,203.0,9.96
2025-09-08 04:00:00,42.91,8513.0,219.0,10.22
2025-09-08 05:00:00,44.81,8960.0,228.0,11.89
2025-09-08 06:00:00,47.33,9472.0,242.0,11.6
2025-09-08 07:00:00,47.6,9468.0,235.0,11.93
2025-09-08 08:00:00,43.9,8711.0,224.0,10.99
2025-09-08 09:00:00,40.8,8078.0,197.0,10.16
2025-09-08 10:00:00,37.04,7434.0,189.0,8.9
2025-09-08 11:00:00,36.61,7380.0,189.0,9.66
2025-09-08 12:00:00,40.38,8140.0,198.0,10.22
2025-09-08 13:00:00,31.88,6454.0,155.0,7.42
2025-09-08 14:00:00,29.35,5819.0,150.0,7.2
2025-09-08 15:00:00,28.1,5669.0,138.0,7.43
2025-09-08 16:00:00,29.12,5769.0,145.0,7.4
2025-09-08 17:00:00,25.78,5306.0,126.0,6.63
2025-09-08 18:00:00,26.72,5331.0,127.0,6.56
2025-09-08 19:00:00,24.3,4772.0,125.0,5.74
2025-09-08 20:00:00,25.98,5053.0,143.0,6.15
2025-09-08 21:00:00,30.2,6124.0,150.0,8.57
2025-09-08 22:00:00,31.46,6207.0,149.0,6.69
2025-09-08 23:00:00,31.15,6256.0,161.0,6.97
2025-09-09 00:00:00,42.58,8542.0,216.0,11.66
2025-09-09 01:00:00,39.03,7609.0,197.0,10.29
2025-09-09 02:00:00,43.65,8897.0,217.0,11.08
2025-09-09 03:00:00,42.73,8618.0,216.0,9.63
2025-09-09 04:00:00,47.74,9552.0,240.0,11.95
2025-09-09 05:00:00,49.59,9917.0,240.0,11.73
2025-09-09 06:00:00,49.07,9886.0,249.0,12.62
2025-09-09 07:00:00,51.1,10223.0,256.0,12.1
2025-09-09 08:00:00,44.17,8997.0,214.0,10.85
2025-09-09 09:00:00,45.84,9167.0,229.0,10.98
2025-09-09 10:00:00,44.85,9064.0,232.0,11.33
2025-09-09 11:00:00,40.26,7977.0,199.0,10.26
2025-09-09 12:00:00,39.67,8090.0,199.0,10.24
2025-09-09 13:00:00,40.05,8020.0,201.0,9.82
2025-09-09 14:00:00,33.84,6644.0,164.0,8.92
2025-09-09 15:00:00,28.94,5891.0,129.0,6.94
2025-09-09 16:00:00,28.05,5613.0,143.0,7.2
2025-09-09 17:00:00,25.62,5252.0,121.0,6.75
2025-09-09 18:00:00,28.75,5697.0,135.0,7.29
2025-09-09 19:00:00,27.82,5524.0,142.0,7.63
2025-09-09 20:00:00,33.83,6651.0,171.0,8.5
2025-09-09 21:00:00,28.84,5698.0,143.0,6.78
2025-09-09 22:00:00,34.73,7059.0,171.0,8.66
2025-09-09 23:00:00,33.02,6655.0,168.0,7.88
2025-09-10 00:00:00,38.57,7769.0,195.0,9.67
2025-09-10 01:00:00,43.25,8721.0,212.0,10.28
2025-09-10 02:00:00,42.42,8521.0,218.0,10.21
2025-09-10 03:00:00,45.68,9256.0,225.0,12.21
2025-09-10 04:00:00,48.01,9385.0,239.0,12.18
2025-09-10 05:00:00,48.96,9763.0,235.0,11.61
2025-09-10 06:00:00,49.54,9949.0,252.0,13.14
2025-09-10 07:00:00,50.92,10133.0,266.0,12.44
2025-09-10 08:00:00,49.85,10000.0,252.0,12.86
2025-09-10 09:00:00,46.81,9480.0,231.0,11.46
2025-09-10 10:00:00,44.24,9049.0,220.0,12.11
2025-09-10 11:00:00,43.64,8735.0,217.0,10.6
2025-09-10 12:00:00,41.99,8452.0,210.0,10.03
2025-09-10 13:00:00,42.12,8434.0,214.0,11.04
2025-09-10 14:00:00,32.64,6433.0,154.0,7.97
2025-09-10 15:00:00,31.07,6192.0,152.0,7.93
2025-09-10 16:00:00,32.37,6439.0,162.0,8.23
2025-09-10 17:00:00,28.92,5754.0,143.0,6.86
2025-09-10 18:00:00,29.18,5811.0,143.0,6.81
2025-09-10 19:00:00,31.96,6583.0,158.0,7.93
2025-09-10 20:00:00,30.99,6153.0,153.0,7.52
2025-09-10 21:00:00,37.8,7279.0,189.0,9.95
2025-09-10 22:00:00,36.43,7217.0,183.0,9.35
2025-09-10 23:00:00,34.23,6951.0,163.0,9.0
2025-09-11 00:00:00,34.72,6785.0,176.0,8.15
2025-09-11 01:00:00,40.54,8179.0,205.0,9.71
2025-09-11 02:00:00,42.35,8384.0,213.0,10.96
2025-09-11 03:00:00,46.47,9198.0,226.0,11.13
2025-09-11 04:00:00,44.46,8939.0,226.0,11.53
2025-09-11 05:00:00,44.9,8904.0,227.0,11.37
2025-09-11 06:00:00,47.7,9517.0,241.0,10.9
2025-09-11 07:00:00,46.33,9093.0,231.0,10.94
2025-09-11 08:00:00,48.95,9709.0,242.0,12.04
2025-09-11 09:00:00,45.2,9097.0,226.0,10.57
2025-09-11 10:00:00,40.15,7858.0,201.0,9.71
2025-09-11 11:00:00,43.31,8701.0,213.0,10.93
2025-09-11 12:00:00,37.71,7719.0,182.0,9.65
2025-09-11 13:00:00,37.21,7280.0,184.0,9.03
2025-09-11 14:00:00,31.9,6466.0,160.0,8.62
2025-09-11 15:00:00,29.6,5978.0,156.0,7.86
2025-09-11 16:00:00,28.22,5540.0,146.0,6.28
2025-09-11 17:00:00,27.92,5549.0,132.0,6.05
2025-09-11 18:00:00,26.09,5375.0,133.0,6.76
2025-09-11 19:00:00,25.81,5329.0,122.0,6.91
2025-09-11 20:00:00,28.54,5789.0,152.0,7.49
2025-09-11 21:00:00,31.32,6201.0,165.0,8.34
2025-09-11 22:00:00,31.36,6156.0,155.0,8.18
2025-09-11 23:00:00,38.3,7829.0,184.0,9.65
2025-09-12 00:00:00,28.59,5591.0,145.0,7.41
2025-09-12 01:00:00,37.9,7712.0,196.0,9.59
2025-09-12 02:00:00,36.76,7167.0,179.0,9.55
2025-09-12 03:00:00,38.84,7877.0,192.0,9.83
2025-09-12 04:00:00,41.0,8320.0,201.0,10.47
2025-09-12 05:00:00,43.74,8815.0,222.0,10.8
2025-09-12 06:00:00,42.24,8423.0,219.0,11.02
2025-09-12 07:00:00,44.19,8996.0,226.0,10.54
2025-09-12 08:00:00,44.09,8760.0,215.0,10.5
2025-09-12 09:00:00,40.35,8093.0,193.0,10.05
2025-09-12 10:00:00,39.33,7948.0,201.0,9.6
2025-09-12 11:00:00,36.43,7274.0,175.0,8.62
2025-09-12 12:00:00,30.91,6067.0,162.0,6.46
2025-09-12 13:00:00,28.55,5807.0,140.0,6.63
2025-09-12 14:00:00,27.29,5400.0,136.0,6.74
2025-09-12 15:00:00,27.3,5429.0,132.0,6.83
2025-09-12 16:00:00,22.85,4572.0,124.0,5.13
2025-09-12 17:00:00,21.08,4189.0,104.0,5.35
2025-09-12 18:00:00,22.25,4447.0,119.0,6.18
2025-09-12 19:00:00,24.69,4987.0,123.0,5.79
2025-09-12 20:00:00,21.26,4204.0,97.0,5.49
2025-09-12 21:00:00,26.54,5159.0,136.0,6.43
2025-09-12 22:00:00,29.66,5793.0,144.0,7.43
2025-09-12 23:00:00,30.84,6130.0,155.0,8.2
2025-09-13 00:00:00,27.82,5304.0,140.0,6.2
2025-09-13 01:00:00,32.67,6526.0,169.0,7.75
2025-09-13 02:00:00,36.45,7403.0,185.0,9.59
2025-09-13 03:00:00,38.49,7717.0,190.0,9.35
2025-09-13 04:00:00,35.97,7110.0,176.0,8.15
2025-09-13 05:00:00,41.94,8563.0,213.0,10.73
2025-09-13 06:00:00,40.8,8153.0,209.0,10.3
2025-09-13 07:00:00,42.84,8599.0,209.0,11.29
2025-09-13 08:00:00,42.86,8712.0,215.0,11.31
2025-09-13 09:00:00,34.73,6825.0,166.0,8.46
2025-09-13 10:00:00,33.0,6482.0,169.0,8.57
2025-09-13 11:00:00,31.68,6502.0,159.0,7.64
2025-09-13 12:00:00,29.13,5913.0,145.0,7.27
2025-09-13 13:00:00,29.3,5831.0,150.0,7.33
2025-09-13 14:00:00,28.19,5630.0,144.0,7.32
2025-09-13 15:00:00,27.57,5581.0,138.0,6.02
2025-09-13 16:00:00,20.45,4062.0,101.0,4.48
2025-09-13 17:00:00,18.61,3738.0,94.0,4.6
2025-09-13 18:00:00,20.66,4000.0,105.0,4.23
2025-09-13 19:00:00,22.86,4507.0,107.0,6.36
2025-09-13 20:00:00,18.65,3672.0,90.0,4.36
2025-09-13 21:00:00,26.3,5183.0,133.0,6.18
2025-09-13 22:00:00,26.56,5230.0,127.0,5.88
2025-09-13 23:00:00,25.85,5241.0,120.0,5.96
2025-09-14 00:00:00,31.28,6173.0,152.0,7.75
2025-09-14 01:00:00,33.07,6663.0,159.0,8.72
2025-09-14 02:00:00,34.02,6861.0,174.0,7.81
2025-09-14 03:00:00,40.68,7965.0,209.0,10.15
2025-09-14 04:00:00,40.03,7850.0,197.0,10.91
2025-09-14 05:00:00,39.76,8114.0,194.0,10.15
2025-09-14 06:00:00,38.37,7751.0,199.0,8.92
2025-09-14 07:00:00,37.64,7617.0,177.0,10.06
2025-09-14 08:00:00,38.18,7592.0,188.0,9.85
2025-09-14 09:00:00,41.0,8025.0,203.0,9.59
2025-09-14 10:00:00,34.46,6918.0,173.0,8.2
2025-09-14 11:00:00,32.86,6453.0,165.0,8.26
2025-09-14 12:00:00,32.39,6549.0,162.0,8.62
2025-09-14 13:00:00,32.17,6438.0,162.0,8.54
2025-09-14 14:00:00,27.97,5550.0,144.0,6.89
2025-09-14 15:00:00,25.98,5198.0,129.0,6.7
2025-09-14 16:00:00,20.05,4154.0,102.0,5.23
2025-09-14 17:00:00,21.56,4333.0,109.0,5.94
2025-09-14 18:00:00,19.12,3930.0,96.0,4.2
2025-09-14 19:00:00,17.73,3495.0,85.0,4.77
2025-09-14 20:00:00,23.98,4832.0,119.0,6.76
2025-09-14 21:00:00,23.89,4586.0,121.0,6.47
2025-09-14 22:00:00,24.84,4955.0,119.0,6.43
2025-09-14 23:00:00,30.71,6181.0,148.0,7.89
2025-09-15 00:00:00,36.21,7353.0,187.0,8.92
2025-09-15 01:00:00,37.0,7493.0,180.0,9.95
2025-09-15 02:00:00,36.92,7299.0,185.0,9.87
2025-09-15 03:00:00,45.35,9058.0,233.0,11.31
2025-09-15 04:00:00,43.15,8445.0,214.0,10.82
2025-09-15 05:00:00,45.17,9000.0,226.0,10.99
2025-09-15 06:00:00,43.91,8709.0,211.0,11.16
2025-09-15 07:00:00,47.2,9485.0,223.0,12.23
2025-09-15 08:00:00,43.8,8594.0,217.0,11.32
2025-09-15 09:00:00,42.95,8678.0,205.0,10.68
2025-09-15 10:00:00,39.08,7638.0,205.0,9.81
2025-09-15 11:00:00,39.3,8042.0,198.0,9.3
2025-09-15 12:00:00,35.45,7188.0,178.0,9.76
2025-09-15 13:00:00,30.36,5982.0,152.0,7.06
2025-09-15 14:00:00,27.87,5599.0,143.0,7.34
2025-09-15 15:00:00,25.25,4936.0,138.0,7.01
2025-09-15 16:00:00,26.89,5279.0,132.0,7.15
2025-09-15 17:00:00,28.53,5762.0,146.0,7.73
2025-09-15 18:00:00,26.57,5252.0,134.0,6.59
2025-09-15 19:00:00,23.88,4763.0,112.0,5.51
2025-09-15 20:00:00,22.67,4614.0,113.0,6.03
2025-09-15 21:00:00,27.18,5375.0,146.0,6.88
2025-09-15 22:00:00,29.82,5961.0,161.0,7.77
2025-09-15 23:00:00,29.49,6024.0,143.0,7.45
2025-09-16 00:00:00,33.61,6829.0,171.0,7.69
2025-09-16 01:00:00,38.93,7805.0,197.0,10.29
2025-09-16 02:00:00,40.92,8220.0,204.0,10.96
2025-09-16 03:00:00,44.4,8921.0,215.0,11.51
2025-09-16 04:00:00,47.06,9432.0,231.0,11.01
2025-09-16 05:00:00,47.73,9599.0,235.0,13.4
2025-09-16 06:00:00,51.8,10375.0,264.0,12.77
2025-09-16 07:00:00,47.39,9171.0,237.0,11.47
2025-09-16 08:00:00,48.0,9501.0,249.0,11.86
2025-09-16 09:00:00,46.47,9357.0,235.0,11.02
2025-09-16 10:00:00,46.41,9202.0,228.0,12.34
2025-09-16 11:00:00,42.48,8574.0,213.0,10.56
2025-09-16 12:00:00,36.29,7105.0,188.0,9.45
2025-09-16 13:00:00,37.89,7692.0,183.0,9.09
2025-09-16 14:00:00,37.83,7682.0,191.0,9.53
2025-09-16 15:00:00,32.46,6449.0,161.0,7.41
2025-09-16 16:00:00,29.32,5833.0,157.0,7.22
2025-09-16 17:00:00,30.85,6143.0,156.0,7.99
2025-09-16 18:00:00,28.97,5760.0,147.0,8.45
2025-09-16 19:00:00,31.42,6154.0,163.0,7.73
2025-09-16 20:00:00,31.73,6200.0,160.0,8.06
2025-09-16 21:00:00,31.84,6268.0,166.0,7.71
2025-09-16 22:00:00,34.21,7084.0,179.0,8.95
2025-09-16 23:00:00,37.47,7366.0,190.0,8.94
2025-09-17 00:00:00,43.51,8697.0,213.0,11.08
2025-09-17 01:00:00,43.94,8693.0,219.0,10.18
2025-09-17 02:00:00,46.11,9401.0,230.0,11.54
2025-09-17 03:00:00,46.51,9379.0,233.0,12.38
2025-09-17 04:00:00,49.15,9748.0,246.0,12.65
2025-09-17 05:00:00,48.14,9540.0,248.0,11.65
2025-09-17 06:00:00,49.3,9941.0,248.0,13.14
2025-09-17 07:00:00,49.05,9848.0,249.0,11.72
2025-09-17 08:00:00,47.29,9395.0,245.0,10.66
2025-09-17 09:00:00,48.18,9661.0,240.0,11.16
2025-09-17 10:00:00,44.97,8898.0,227.0,11.43
2025-09-17 11:00:00,44.43,8869.0,222.0,10.33
2025-09-17 12:00:00,40.02,7900.0,207.0,9.45
2025-09-17 13:00:00,37.63,7598.0,187.0,9.01
2025-09-17 14:00:00,35.87,7135.0,179.0,9.47
2025-09-17 15:00:00,32.97,6758.0,165.0,7.26
2025-09-17 16:00:00,32.0,6306.0,152.0,7.88
2025-09-17 17:00:00,29.17,6065.0,151.0,7.15
2025-09-17 18:00:00,30.6,6105.0,157.0,8.35
2025-09-17 19:00:00,29.35,6027.0,147.0,7.33
2025-09-17 20:00:00,32.74,6413.0,160.0,8.89
2025-09-17 21:00:00,31.64,6488.0,157.0,8.21
2025-09-17 22:00:00,34.03,6854.0,163.0,8.02
2025-09-17 23:00:00,37.31,7477.0,182.0,9.72
2025-09-18 00:00:00,41.19,8334.0,212.0,8.94
2025-09-18 01:00:00,40.74,8187.0,196.0,9.7
2025-09-18 02:00:00,37.61,7760.0,193.0,8.58
2025-09-18 03:00:00,43.24,8773.0,224.0,11.12
2025-09-18 04:00:00,49.56,9939.0,245.0,12.52
2025-09-18 05:00:00,48.27,9578.0,238.0,12.72
2025-09-18 06:00:00,49.33,9637.0,246.0,12.16
2025-09-18 07:00:00,50.17,9977.0,248.0,12.69
2025-09-18 08:00:00,46.88,9516.0,235.0,11.23
2025-09-18 09:00:00,42.6,8507.0,208.0,10.7
2025-09-18 10:00:00,39.03,7951.0,202.0,9.12
2025-09-18 11:00:00,39.89,7989.0,198.0,10.24
2025-09-18 12:00:00,36.93,7581.0,185.0,9.07
2025-09-18 13:00:00,35.69,6893.0,176.0,9.12
2025-09-18 14:00:00,32.5,6434.0,171.0,8.57
2025-09-18 15:00:00,31.07,6307.0,157.0,7.8
2025-09-18 16:00:00,30.7,6224.0,154.0,7.76
2025-09-18 17:00:00,28.72,5584.0,150.0,7.53
2025-09-18 18:00:00,28.32,5653.0,147.0,7.34
2025-09-18 19:00:00,24.14,4840.0,119.0,5.05
2025-09-18 20:00:00,29.27,5822.0,152.0,7.62
2025-09-18 21:00:00,29.43,5874.0,147.0,7.83
2025-09-18 22:00:00,31.06,6147.0,159.0,7.84
2025-09-18 23:00:00,33.16,6644.0,161.0,7.6
2025-09-19 00:00:00,31.23,6038.0,163.0,7.77
2025-09-19 01:00:00,36.44,7154.0,178.0,9.98
2025-09-19 02:00:00,36.55,7392.0,177.0,8.67
2025-09-19 03:00:00,39.55,7925.0,200.0,9.72
2025-09-19 04:00:00,41.39,8216.0,207.0,10.01
2025-09-19 05:00:00,43.59,8814.0,228.0,10.73
2025-09-19 06:00:00,40.61,8199.0,198.0,10.06
2025-09-19 07:00:00,42.54,8412.0,221.0,10.86
2025-09-19 08:00:00,38.31,7546.0,189.0,8.76
2025-09-19 09:00:00,41.52,8528.0,212.0,10.43
2025-09-19 10:00:00,38.93,7890.0,202.0,9.87
2025-09-19 11:00:00,36.84,7372.0,184.0,9.16
2025-09-19 12:00:00,31.04,6235.0,152.0,8.21
2025-09-19 13:00:00,31.05,6132.0,160.0,7.83
2025-09-19 14:00:00,30.91,6162.0,155.0,8.59
2025-09-19 15:00:00,30.41,5963.0,145.0,7.58
2025-09-19 16:00:00,25.84,5180.0,133.0,6.75
2025-09-19 17:00:00,18.81,3575.0,97.0,5.09
2025-09-19 18:00:00,24.99,5047.0,117.0,7.02
2025-09-19 19:00:00,21.18,4066.0,107.0,5.22
2025-09-19 20:00:00,21.42,4480.0,106.0,5.49
2025-09-19 21:00:00,24.08,4897.0,126.0,6.07
2025-09-19 22:00:00,27.58,5325.0,142.0,6.7
2025-09-19 23:00:00,28.11,5470.0,138.0,7.18
2025-09-20 00:00:00,30.81,6103.0,157.0,8.3
2025-09-20 01:00:00,32.2,6435.0,159.0,8.76
2025-09-20 02:00:00,34.95,7003.0,177.0,9.47
2025-09-20 03:00:00,37.77,7550.0,198.0,9.41
2025-09-20 04:00:00,37.93,7475.0,193.0,10.11
2025-09-20 05:00:00,38.88,7754.0,194.0,9.76
2025-09-20 06:00:00,39.04,7602.0,200.0,9.25
2025-09-20 07:00:00,39.52,8059.0,208.0,9.43
2025-09-20 08:00:00,37.56,7526.0,188.0,9.91
2025-09-20 09:00:00,34.15,6871.0,159.0,9.0
2025-09-20 10:00:00,33.07,6442.0,165.0,8.18
2025-09-20 11:00:00,34.75,6780.0,178.0,9.06
2025-09-20 12:00:00,29.65,5961.0,155.0,7.33
2025-09-20 13:00:00,27.25,5176.0,144.0,6.9
2025-09-20 14:00:00,27.62,5694.0,132.0,6.58
2025-09-20 15:00:00,21.61,4395.0,120.0,5.38
2025-09-20 16:00:00,19.5,3811.0,91.0,4.7
2025-09-20 17:00:00,23.1,4718.0,113.0,5.21
2025-09-20 18:00:00,18.56,3640.0,90.0,4.48
2025-09-20 19:00:00,25.32,4938.0,131.0,6.46
2025-09-20 20:00:00,21.94,4440.0,111.0,5.7
2025-09-20 21:00:00,19.61,3943.0,94.0,5.22
2025-09-20 22:00:00,28.8,5760.0,140.0,7.42
2025-09-20 23:00:00,29.58,5975.0,146.0,7.27
2025-09-21 00:00:00,30.73,6269.0,152.0,8.0
2025-09-21 01:00:00,34.42,6954.0,174.0,9.03
2025-09-21 02:00:00,33.28,6527.0,159.0,8.73
2025-09-21 03:00:00,35.91,7208.0,176.0,8.83
2025-09-21 04:00:00,38.39,7780.0,193.0,9.65
2025-09-21 05:00:00,39.23,7775.0,200.0,9.27
2025-09-21 06:00:00,40.28,8093.0,204.0,9.55
2025-09-21 07:00:00,42.99,8550.0,214.0,11.63
2025-09-21 08:00:00,39.9,7873.0,197.0,9.38
2025-09-21 09:00:00,37.66,7402.0,189.0,9.66
2025-09-21 10:00:00,32.97,6531.0,156.0,8.16
2025-09-21 11:00:00,33.4,6660.0,169.0,8.42
2025-09-21 12:00:00,30.98,6397.0,154.0,7.63
2025-09-21 13:00:00,29.96,5818.0,151.0,6.82
2025-09-21 14:00:00,26.6,5226.0,130.0,5.75
2025-09-21 15:00:00,27.09,5470.0,135.0,6.86
2025-09-21 16:00:00,23.16,4663.0,122.0,6.66
2025-09-21 17:00:00,21.25,4523.0,103.0,5.37
2025-09-21 18:00:00,19.85,3830.0,102.0,5.49
2025-09-21 19:00:00,18.32,3568.0,86.0,5.85
2025-09-21 20:00:00,20.14,3982.0,105.0,6.38
2025-09-21 21:00:00,23.37,4698.0,115.0,5.97
2025-09-21 22:00:00,28.96,5779.0,150.0,7.38
2025-09-21 23:00:00,30.99,6333.0,151.0,8.04
2025-09-22 00:00:00,32.54,6562.0,170.0,8.84
2025-09-22 01:00:00,37.11,7379.0,185.0,9.94
2025-09-22 02:00:00,40.18,8082.0,201.0,9.16
2025-09-22 03:00:00,40.83,8178.0,208.0,9.88
2025-09-22 04:00:00,44.07,8635.0,215.0,10.67
2025-09-22 05:00:00,43.63,8732.0,226.0,10.66
2025-09-22 06:00:00,44.78,8957.0,225.0,11.21
2025-09-22 07:00:00,46.91,9489.0,230.0,12.46
2025-09-22 08:00:00,44.44,8843.0,222.0,10.66
2025-09-22 09:00:00,39.99,7998.0,199.0,10.02
2025-09-22 10:00:00,40.0,7962.0,198.0,9.52
2025-09-22 11:00:00,35.65,7058.0,182.0,9.18
2025-09-22 12:00:00,34.96,7075.0,175.0,9.47
2025-09-22 13:00:00,29.59,5846.0,147.0,7.78
2025-09-22 14:00:00,33.31,6722.0,171.0,8.74
2025-09-22 15:00:00,27.43,5561.0,142.0,7.34
2025-09-22 16:00:00,28.14,5633.0,141.0,6.24
2025-09-22 17:00:00,27.5,5387.0,131.0,7.04
2025-09-22 18:00:00,27.63,5458.0,133.0,6.69
2025-09-22 19:00:00,26.8,5315.0,135.0,7.04
2025-09-22 20:00:00,29.4,5863.0,138.0,7.49
2025-09-22 21:00:00,26.33,5171.0,129.0,6.76
2025-09-22 22:00:00,30.16,6181.0,145.0,8.52
2025-09-22 23:00:00,32.92,6547.0,168.0,8.21
2025-09-23 00:00:00,35.74,7144.0,177.0,8.08
2025-09-23 01:00:00,43.0,8735.0,215.0,11.11
2025-09-23 02:00:00,44.45,8826.0,218.0,11.07
2025-09-23 03:00:00,45.12,9026.0,220.0,11.19
2025-09-23 04:00:00,48.26,9467.0,244.0,11.93
2025-09-23 05:00:00,47.2,9311.0,238.0,11.06
2025-09-23 06:00:00,47.68,9596.0,241.0,11.89
2025-09-23 07:00:00,48.65,9650.0,248.0,12.17
2025-09-23 08:00:00,46.54,9173.0,228.0,11.98
2025-09-23 09:00:00,45.47,9177.0,233.0,11.15
2025-09-23 10:00:00,45.33,9306.0,231.0,11.22
2025-09-23 11:00:00,42.92,8638.0,218.0,10.03
2025-09-23 12:00:00,37.48,7649.0,187.0,9.16
2025-09-23 13:00:00,37.37,7430.0,181.0,9.2
2025-09-23 14:00:00,34.97,6872.0,177.0,8.51
2025-09-23 15:00:00,32.01,6401.0,164.0,7.78
2025-09-23 16:00:00,32.04,6679.0,161.0,8.33
2025-09-23 17:00:00,30.21,6072.0,146.0,8.21
2025-09-23 18:00:00,29.16,5799.0,154.0,7.0
2025-09-23 19:00:00,28.91,5778.0,139.0,6.99
2025-09-23 20:00:00,28.23,5607.0,140.0,7.3
2025-09-23 21:00:00,34.84,7061.0,172.0,8.36
2025-09-23 22:00:00,32.57,6564.0,158.0,7.9
2025-09-23 23:00:00,37.55,7592.0,191.0,9.75
2025-09-24 00:00:00,43.13,8404.0,220.0,10.01
2025-09-24 01:00:00,43.36,8708.0,224.0,11.07
2025-09-24 02:00:00,45.11,9125.0,229.0,10.81
2025-09-24 03:00:00,50.42,10103.0,246.0,13.03
2025-09-24 04:00:00,52.79,10458.0,261.0,13.44
2025-09-24 05:00:00,46.07,9258.0,231.0,11.44
2025-09-24 06:00:00,52.83,10376.0,257.0,13.63
2025-09-24 07:00:00,50.94,10279.0,260.0,13.19
2025-09-24 08:00:00,47.78,9557.0,240.0,12.21
2025-09-24 09:00:00,47.35,9440.0,247.0,12.52
2025-09-24 10:00:00,44.66,8900.0,224.0,11.57
2025-09-24 11:00:00,40.82,8245.0,211.0,11.28
2025-09-24 12:00:00,40.34,7947.0,199.0,10.05
2025-09-24 13:00:00,36.66,7382.0,183.0,8.73
2025-09-24 14:00:00,34.94,6994.0,170.0,10.26
2025-09-24 15:00:00,30.06,5990.0,149.0,7.23
2025-09-24 16:00:00,28.75,5853.0,146.0,8.2
2025-09-24 17:00:00,33.06,6591.0,168.0,7.97
2025-09-24 18:00:00,28.32,5718.0,141.0,6.52
2025-09-24 19:00:00,31.72,6339.0,161.0,9.04
2025-09-24 20:00:00,29.1,5787.0,147.0,7.3
2025-09-24 21:00:00,30.33,6083.0,152.0,6.34
2025-09-24 22:00:00,32.01,6484.0,167.0,8.15
2025-09-24 23:00:00,35.55,6911.0,182.0,7.67
2025-09-25 00:00:00,40.38,8172.0,206.0,10.5
2025-09-25 01:00:00,41.08,8252.0,207.0,10.63
2025-09-25 02:00:00,40.8,8110.0,200.0,10.26
2025-09-25 03:00:00,46.63,9470.0,224.0,12.01
2025-09-25 04:00:00,45.05,9000.0,215.0,12.25
2025-09-25 05:00:00,46.91,9549.0,228.0,12.43
2025-09-25 06:00:00,49.3,9870.0,241.0,12.24
2025-09-25 07:00:00,44.63,8933.0,227.0,11.2
2025-09-25 08:00:00,43.98,8765.0,218.0,10.88
2025-09-25 09:00:00,42.64,8537.0,212.0,10.7
2025-09-25 10:00:00,41.66,8268.0,207.0,10.52
2025-09-25 11:00:00,36.6,7325.0,177.0,9.8
2025-09-25 12:00:00,38.27,7555.0,197.0,9.37
2025-09-25 13:00:00,33.79,6772.0,175.0,8.24
2025-09-25 14:00:00,33.15,6780.0,168.0,7.93
2025-09-25 15:00:00,29.55,5962.0,147.0,6.83
2025-09-25 16:00:00,31.03,6113.0,164.0,7.87
2025-09-25 17:00:00,26.11,5313.0,128.0,6.48
2025-09-25 18:00:00,29.25,5985.0,152.0,7.35
2025-09-25 19:00:00,30.17,6205.0,153.0,8.05
2025-09-25 20:00:00,27.88,5798.0,140.0,7.39
2025-09-25 21:00:00,28.4,5879.0,144.0,7.85
2025-09-25 22:00:00,33.59,6757.0,174.0,9.33
2025-09-25 23:00:00,36.19,7185.0,182.0,8.95
2025-09-26 00:00:00,31.32,6188.0,163.0,7.8
2025-09-26 01:00:00,33.29,6753.0,167.0,9.32
2025-09-26 02:00:00,37.61,7501.0,186.0,9.93
2025-09-26 03:00:00,37.82,7529.0,184.0,9.38
2025-09-26 04:00:00,34.66,6987.0,171.0,8.11
2025-09-26 05:00:00,42.56,8688.0,218.0,11.47
2025-09-26 06:00:00,40.45,7966.0,191.0,10.81
2025-09-26 07:00:00,43.69,8775.0,216.0,11.51
2025-09-26 08:00:00,39.17,7764.0,197.0,10.06
2025-09-26 09:00:00,41.31,8097.0,207.0,10.79
2025-09-26 10:00:00,40.72,7941.0,209.0,9.37
2025-09-26 11:00:00,35.62,6995.0,175.0,9.05
2025-09-26 12:00:00,31.75,6411.0,159.0,7.81
2025-09-26 13:00:00,28.99,5730.0,144.0,6.57
2025-09-26 14:00:00,29.04,5893.0,144.0,6.8
2025-09-26 15:00:00,25.76,5318.0,125.0,5.96
2025-09-26 16:00:00,24.21,4755.0,122.0,5.49
2025-09-26 17:00:00,25.01,5065.0,121.0,7.07
2025-09-26 18:00:00,24.88,4953.0,119.0,6.19
2025-09-26 19:00:00,25.77,5265.0,128.0,6.28
2025-09-26 20:00:00,26.09,5329.0,128.0,6.75
2025-09-26 21:00:00,22.9,4552.0,115.0,5.77
2025-09-26 22:00:00,24.94,5092.0,136.0,6.68
2025-09-26 23:00:00,31.6,6401.0,141.0,8.33
2025-09-27 00:00:00,28.9,5836.0,148.0,7.18
2025-09-27 01:00:00,32.68,6474.0,163.0,8.35
2025-09-27 02:00:00,32.8,6592.0,156.0,8.91
2025-09-27 03:00:00,33.19,6509.0,170.0,8.57
2025-09-27 04:00:00,38.35,7734.0,193.0,9.43
2025-09-27 05:00:00,41.27,8308.0,210.0,9.96
2025-09-27 06:00:00,38.28,7716.0,195.0,9.57
2025-09-27 07:00:00,41.82,8480.0,214.0,10.18
2025-09-27 08:00:00,37.09,7416.0,190.0,9.31
2025-09-27 09:00:00,39.19,7935.0,191.0,9.58
2025-09-27 10:00:00,38.38,7507.0,193.0,10.42
2025-09-27 11:00:00,30.27,5977.0,154.0,8.01
2025-09-27 12:00:00,29.57,5826.0,142.0,6.8
2025-09-27 13:00:00,27.58,5476.0,131.0,7.81
2025-09-27 14:00:00,27.78,5462.0,130.0,6.99
2025-09-27 15:00:00,25.31,5091.0,117.0,5.54
2025-09-27 16:00:00,22.97,4641.0,112.0,5.62
2025-09-27 17:00:00,17.54,3410.0,84.0,4.63
2025-09-27 18:00:00,19.04,3867.0,100.0,4.37
2025-09-27 19:00:00,21.05,4282.0,109.0,5.55
2025-09-27 20:00:00,23.52,4644.0,120.0,6.34
2025-09-27 21:00:00,24.4,4934.0,118.0,6.99
2025-09-27 22:00:00,23.75,4732.0,122.0,6.73
2025-09-27 23:00:00,24.8,4929.0,119.0,5.53
2025-09-28 00:00:00,31.76,6231.0,163.0,7.07
2025-09-28 01:00:00,34.09,6712.0,171.0,8.66
2025-09-28 02:00:00,34.88,7005.0,181.0,9.06
2025-09-28 03:00:00,38.18,7688.0,190.0,9.62
2025-09-28 04:00:00,39.7,8101.0,193.0,10.08
2025-09-28 05:00:00,40.26,7932.0,206.0,10.0
2025-09-28 06:00:00,41.71,8312.0,207.0,10.69
2025-09-28 07:00:00,36.95,7358.0,199.0,9.07
2025-09-28 08:00:00,36.75,7422.0,187.0,9.71
2025-09-28 09:00:00,38.62,7756.0,194.0,9.84
2025-09-28 10:00:00,36.17,7209.0,184.0,9.39
2025-09-28 11:00:00,33.07,6530.0,164.0,8.12
2025-09-28 12:00:00,33.52,6832.0,161.0,8.2
2025-09-28 13:00:00,26.21,5358.0,125.0,6.91
2025-09-28 14:00:00,23.18,4677.0,119.0,5.45
2025-09-28 15:00:00,21.63,4334.0,98.0,5.3
2025-09-28 16:00:00,24.03,4706.0,119.0,5.76
2025-09-28 17:00:00,19.75,4129.0,104.0,4.94
2025-09-28 18:00:00,22.12,4456.0,118.0,7.04
2025-09-28 19:00:00,20.02,3880.0,103.0,5.56
2025-09-28 20:00:00,23.81,4687.0,123.0,5.98
2025-09-28 21:00:00,22.19,4400.0,113.0,4.41
2025-09-28 22:00:00,25.39,5159.0,119.0,6.48
2025-09-28 23:00:00,29.53,5843.0,146.0,6.84
